-- phpMyAdmin SQL Dump
-- version 5.2.0
-- https://www.phpmyadmin.net/
--
-- Host: 127.0.0.1
-- Waktu pembuatan: 04 Mar 2024 pada 05.01
-- Versi server: 10.4.24-MariaDB
-- Versi PHP: 7.4.29

SET SQL_MODE = "NO_AUTO_VALUE_ON_ZERO";
START TRANSACTION;
SET time_zone = "+00:00";


/*!40101 SET @OLD_CHARACTER_SET_CLIENT=@@CHARACTER_SET_CLIENT */;
/*!40101 SET @OLD_CHARACTER_SET_RESULTS=@@CHARACTER_SET_RESULTS */;
/*!40101 SET @OLD_COLLATION_CONNECTION=@@COLLATION_CONNECTION */;
/*!40101 SET NAMES utf8mb4 */;

--
-- Database: `db_agenda`
--

DELIMITER $$
--
-- Prosedur
--
CREATE DEFINER=`root`@`localhost` PROCEDURE `data_absen` ()   SELECT tb_absen.nis,tb_siswa.nama,tb_siswa.id_kelas,tb_kelas.tingkat,tb_kelas.jurusan,tb_kelas.kelas,MONTH(tb_absen.tanggal) Bulan, COUNT(CASE WHEN tb_absen.kehadiran ='H' THEN 1 END) AS 'Hadir', COUNT(CASE WHEN tb_absen.kehadiran ='S' THEN 1 END) AS 'Sakit', COUNT(CASE WHEN tb_absen.kehadiran ='I' THEN 1 END) AS 'Ijin', COUNT(CASE WHEN tb_absen.kehadiran ='A' THEN 1 END) AS 'tanpa_keterangan' FROM tb_kelas INNER JOIN tb_siswa ON tb_kelas.id_kelas=tb_siswa.id_kelas INNER JOIN tb_absen ON tb_siswa.nis=tb_absen.nis GROUP BY nis$$

DELIMITER ;

-- --------------------------------------------------------

--
-- Struktur dari tabel `det_agenda`
--

CREATE TABLE `det_agenda` (
  `id` int(11) NOT NULL,
  `id_agenda` int(11) NOT NULL,
  `nis` varchar(10) NOT NULL,
  `kehadiran` varchar(1) NOT NULL,
  `ket` varchar(100) NOT NULL
) ENGINE=InnoDB DEFAULT CHARSET=utf8mb4;

-- --------------------------------------------------------

--
-- Struktur dari tabel `siswa`
--

CREATE TABLE `siswa` (
  `nis` int(11) NOT NULL,
  `nama` varchar(100) NOT NULL,
  `id_kelas` varchar(6) NOT NULL,
  `jk` enum('L','P') NOT NULL
) ENGINE=InnoDB DEFAULT CHARSET=utf8;

--
-- Dumping data untuk tabel `siswa`
--

INSERT INTO `siswa` (`nis`, `nama`, `id_kelas`, `jk`) VALUES
(102105270, 'ARI RIVALDI', 'P20002', 'L'),
(102105381, 'KEISHA RAFA WARDANA', 'D20001', 'P'),
(102105504, 'FRASCA AKHIRA', 'K20001', 'L'),
(102105522, 'HAIKAL PUTRA', 'K20002', 'L'),
(102105565, 'MUHAMAD FAHLEVI', 'K20003', 'L'),
(102105630, 'FARHAN HERJUNO', 'T20002', 'L'),
(102105650, 'REZA NOVIANSYAH', 'T20001', 'L'),
(102105693, 'ADE SANDI SUNARYA ', 'E20004', 'L'),
(102205797, 'AGNI JULIANSYAH', 'P20001', 'L'),
(102205798, 'ALISA DAVINA ARTANTI', 'P20001', 'P'),
(102205799, 'ARIFA ADITHYA', 'P20001', 'L'),
(102205800, 'ARUL FITRAH INSANI', 'P20001', 'L'),
(102205801, 'AZKIYA NAIFAH YUSUF', 'P20001', 'P'),
(102205802, 'BAYU USMAN RADHITYA', 'P20001', 'L'),
(102205803, 'BINTANG LAZUARDY AZZURO', 'P20001', 'L'),
(102205804, 'CORI BACHTIAR ANNAFI', 'P20001', 'L'),
(102205805, 'DAVID HIZIB MURSYID', 'P20001', 'L'),
(102205806, 'DONNY MASHDAR RIZQI', 'P20001', 'L'),
(102205807, 'FADHIL AYMAN HANIF', 'P20001', 'L'),
(102205808, 'HAIKAL FATURRAHMAN', 'P20001', 'L'),
(102205809, 'IRFAN MAHARDIKA', 'P20001', 'L'),
(102205810, 'LINDA KURNIAWATI', 'P20001', 'P'),
(102205811, 'LINTANG FAJAR SANDI MAULANA', 'P20001', 'L'),
(102205812, 'LUNA REVALINA', 'P20001', 'P'),
(102205813, 'MOCHAMAD AKRAM AMARULLOH', 'P20001', 'L'),
(102205814, 'MOCHAMAD LUKITO RAMADHAN', 'P20001', 'L'),
(102205815, 'MOHAMMAD REVALDI', 'P20001', 'L'),
(102205816, 'MUHAMAD AZKA RAMDHANI', 'P20001', 'L'),
(102205817, 'MUHAMAD DIO NABHANI', 'P20001', 'L'),
(102205818, 'MUHAMAD DIRA RAMADHAN', 'P20001', 'L'),
(102205819, 'MUHAMAD RIZKI', 'P20001', 'L'),
(102205820, 'MUHAMMAD FAUZAN HALIM', 'P20001', 'L'),
(102205821, 'MUHAMMAD NABIL ARVA NUGRAHA', 'P20001', 'L'),
(102205822, 'MUHAMMAD ROONEY SAKKA WIJAYA PUTRA', 'P20001', 'L'),
(102205823, 'RADITYA DARMAWAN', 'P20001', 'L'),
(102205824, 'RAFFAEL HASBYANSYAH', 'P20001', 'L'),
(102205825, 'RAFI ARYA RAHADI', 'P20001', 'L'),
(102205826, 'REISYA PRASETYA GANDHI', 'P20001', 'L'),
(102205827, 'REVICTO TRIGA JULIAN', 'P20001', 'L'),
(102205828, 'REYNALDI MOHAMMAD', 'P20001', 'L'),
(102205829, 'RIZKY IRWANSYAH', 'P20001', 'L'),
(102205830, 'SELVI NURCAHYANI PUTRI', 'P20001', 'P'),
(102205831, 'TANSZAH', 'P20001', 'L'),
(102205832, 'WAHYU AFIANSYAH', 'P20001', 'L'),
(102205833, 'ADYILA NAFA NAURAAYU', 'P20002', 'P'),
(102205834, 'AGHNIYA RIZKY AMALIA', 'P20002', 'P'),
(102205835, 'AHMAD FAUZAN FITRIANSYAH', 'P20002', 'L'),
(102205836, 'AHMAD RAKAN DZAKY ADITYA', 'P20002', 'L'),
(102205837, 'AMRI MUALLIM', 'P20002', 'L'),
(102205838, 'ARDIANSYAH FAUZI NURRAHMAN', 'P20002', 'L'),
(102205839, 'ARDIANSYAH SULISTYO', 'P20002', 'L'),
(102205840, 'AUDRINA LENYTASYA AZAHRA', 'P20002', 'P'),
(102205841, 'DEVI SASKIA NURAISIAH', 'P20002', 'P'),
(102205842, 'DIMAS ADITYA HERLAMBANG', 'P20002', 'L'),
(102205843, 'DINDA ANDRIANI', 'P20002', 'P'),
(102205844, 'ELDA RAHMA DANI', 'P20002', 'P'),
(102205845, 'EVELYN ELISABET SIRINGO-RINGO', 'P20002', 'P'),
(102205846, 'FADLUROHMAN ROBBANI', 'P20002', 'L'),
(102205847, 'FARIS NAFHAN FIRDAUS', 'P20002', 'L'),
(102205849, 'FIKRI BAGJA RAMADHAN', 'P20002', 'L'),
(102205850, 'HARDIAN SURYADIJAYA', 'P20002', 'L'),
(102205851, 'HILMY ATHAYA ZAFRAN', 'P20002', 'L'),
(102205852, 'ILHAM SAPUTRA WIGUNA', 'P20002', 'L'),
(102205853, 'KASABIAN IBRAHIM', 'P20002', 'L'),
(102205854, 'MAHESA PRATAMA PUTRA', 'P20002', 'L'),
(102205855, 'MELANDA DALI MUTIARA', 'P20002', 'P'),
(102205856, 'MUHAMAD LUTHFI CHANDRA', 'P20002', 'L'),
(102205857, 'MUHAMMAD ALLBANY', 'P20002', 'L'),
(102205858, 'NADHIRA AZALEA PUTRI GHAISANI', 'P20002', 'P'),
(102205859, 'NADIA AURA FAUZIYAH', 'P20002', 'P'),
(102205860, 'NAJWA ALYA ZAHRA SUHERMAN', 'P20002', 'P'),
(102205861, 'RADIT ADITYA FAIZAH', 'P20002', 'L'),
(102205862, 'RAIHAN ACHMADIPUTRA', 'P20002', 'L'),
(102205863, 'RAISA NURLATIVA', 'P20002', 'P'),
(102205864, 'RIFKI YUDHA AHADI', 'P20002', 'L'),
(102205865, 'RIRI DWIYANTI', 'P20002', 'P'),
(102205866, 'RYAN NURHAKIM ARISTA PUTRA', 'P20002', 'L'),
(102205867, 'SAHLA FADHILAH RAHIM', 'P20002', 'P'),
(102205868, 'TUBAGUS NAZWAN HAKIM', 'P20002', 'L'),
(102205869, 'ADELIA RISMALASARI', 'D20001', 'P'),
(102205870, 'AFRIZA RIFKY AYYASY AZHAR', 'D20001', 'L'),
(102205871, 'AKMAL KURNIA RAMDANI', 'D20001', 'L'),
(102205872, 'ANDIKA PUTRA HERYADIN', 'D20001', 'L'),
(102205873, 'ANDINI NURFADILAH', 'D20001', 'P'),
(102205874, 'ANISYA MEGA RAHMAWATIE', 'D20001', 'P'),
(102205875, 'ATHAYA RIZQ IBNU HERMANA', 'D20001', 'L'),
(102205876, 'BAGUS MUHAMAD FADJRIN', 'D20001', 'L'),
(102205877, 'BAYU APRILIANSYAH SETIA MAHMUD', 'D20001', 'L'),
(102205878, 'BUNGA ASRI NUR ALIFFIA', 'D20001', 'P'),
(102205879, 'CITA YULIANTI', 'D20001', 'P'),
(102205880, 'DAPA PRADIPA PUTRA', 'D20001', 'L'),
(102205881, 'DZAKWAN FALIH HAUZAAN', 'D20001', 'L'),
(102205882, 'ENDRIANA NUGRAHENI', 'D20001', 'P'),
(102205883, 'FAHMI HADI FIRDAUS', 'D20001', 'L'),
(102205884, 'FITRIA NOPIANTI', 'D20001', 'P'),
(102205885, 'FRICHELLA ALFIANY', 'D20001', 'P'),
(102205886, 'GERYCO PUTERA SUMARNO', 'D20001', 'L'),
(102205887, 'HAMMADA RAJIB SALMAN AL-HARITS', 'D20001', 'L'),
(102205888, 'HISHSHOH ROSYIDAH', 'D20001', 'P'),
(102205889, 'JASMINE AZNA SOPANDI', 'D20001', 'P'),
(102205890, 'MUHAMAD DIVA SAIFUL RAMADAN', 'D20001', 'L'),
(102205891, 'MUHAMAD RIAN ABDILAH', 'D20001', 'L'),
(102205892, 'MUHAMMAD DZAKY HADINATA', 'D20001', 'L'),
(102205893, 'MUHAMMAD IKHSAN', 'D20001', 'L'),
(102205894, 'MUHAMMAD RIZAL MUSTOFA', 'D20001', 'L'),
(102205895, 'NAZARA FAHRIZ SUBAGJA', 'D20001', 'L'),
(102205896, 'NISA RAMADANI AZZAHRA', 'D20001', 'P'),
(102205897, 'RAMADHAN WANDA MAHMUDA', 'D20001', 'L'),
(102205899, 'REVAN ARDIANSYAH FIRDAUS', 'D20001', 'L'),
(102205900, 'RHEIHAN MUHAMAD RIZKI', 'D20001', 'L'),
(102205901, 'SALWA FITRIA RAMADANI', 'D20001', 'P'),
(102205902, 'SELLY RAHMAWATI', 'D20001', 'P'),
(102205903, 'STEPHAN JULIAN', 'D20001', 'L'),
(102205904, 'WIDIA REVA', 'D20001', 'P'),
(102205905, 'AFIA ANGGRAENI', 'D20002', 'P'),
(102205906, 'ALYA DWI PUTRI', 'D20002', 'P'),
(102205907, 'ANABELLE MEISHA PARAMESTY', 'D20002', 'P'),
(102205908, 'ANDRE ATTARIC', 'D20002', 'L'),
(102205909, 'ANDRIS FAUZI', 'D20002', 'L'),
(102205910, 'ANISA DINI SALAMAH', 'D20002', 'P'),
(102205911, 'BAGAS SAGRAHA RIFAI', 'D20002', 'L'),
(102205912, 'DAVID HERMANSYAH', 'D20002', 'L'),
(102205913, 'ENCEP SYAMSUL', 'D20002', 'L'),
(102205914, 'FACHRI NUR AZIZ', 'D20002', 'L'),
(102205915, 'INDRA SUDARMAWAN', 'D20002', 'L'),
(102205916, 'IQRA EL QARANA ARMANUSAH', 'D20002', 'L'),
(102205917, 'IVAL RAMZI HAIKAL', 'D20002', 'L'),
(102205918, 'JULIANA EKA PUTRI', 'D20002', 'P'),
(102205919, 'KEYSHA NUR AZIRA', 'D20002', 'P'),
(102205920, 'MARYAM NABILA ASHFIYULLAH', 'D20002', 'P'),
(102205921, 'MELANIE SUNTANA PUTRI', 'D20002', 'P'),
(102205922, 'MILLAH CIKA USWATUNNAJAH', 'D20002', 'P'),
(102205923, 'MUHAMAD REHAN', 'D20002', 'L'),
(102205924, 'MUHAMMAD RIZKI AFRIADI', 'D20002', 'L'),
(102205925, 'MUHAMMAD RIZQI', 'D20002', 'L'),
(102205927, 'NAMIRA REVALINA SHAQI', 'D20002', 'P'),
(102205928, 'NAZWA AULIA AZAHRA', 'D20002', 'P'),
(102205929, 'PARAZ SAMLI SYAMSUDIN', 'D20002', 'L'),
(102205930, 'PUJI CIKAL DEANTI', 'D20002', 'P'),
(102205931, 'QUEENA IVANA RAMADHANI', 'D20002', 'P'),
(102205932, 'RACHMAT RAMADHAN', 'D20002', 'L'),
(102205933, 'RASYA HILALUN NADHIR', 'D20002', 'L'),
(102205934, 'RIFKI TABAH MAULANA', 'D20002', 'L'),
(102205935, 'SAHLA FAUZIYAH HIDAYAT', 'D20002', 'P'),
(102205936, 'SALMA NURUL FUADDIYAH', 'D20002', 'P'),
(102205937, 'SALWA DIVA NABILA', 'D20002', 'P'),
(102205938, 'SITI SAADAH ROHIMAH', 'D20002', 'P'),
(102205939, 'SUTAN SYAHDZAN MOHAMMAD ARMANSYAH', 'D20002', 'L'),
(102205940, 'TRI WIDIAWATI', 'D20002', 'P'),
(102205941, 'AJENG FARIHA FAZA', 'D20003', 'P'),
(102205942, 'AKBAR RIZKY TRIANA', 'D20003', 'L'),
(102205943, 'ALIFVIA HAKIM', 'D20003', 'P'),
(102205944, 'ANNASYA NANDHITA UTAMI', 'D20003', 'P'),
(102205945, 'BONAVENTURA BERLIANDO DANDUNG', 'D20003', 'L'),
(102205946, 'DAFFA AVICENA ALMASL', 'D20003', 'L'),
(102205947, 'DEA NURMALA', 'D20003', 'P'),
(102205948, 'HALIM AL HIBAN', 'D20003', 'L'),
(102205949, 'HERY WAHID NURSANTO', 'D20003', 'L'),
(102205950, 'KAYLANI SITI LATIFAH', 'D20003', 'P'),
(102205951, 'M. MIFTAH PRATAMA', 'D20003', 'L'),
(102205952, 'MUHAMAD RAFLI ISKANDAR', 'D20003', 'L'),
(102205953, 'MUHAMMAD FAHMI', 'D20003', 'L'),
(102205954, 'MUHAMMAD FAIZ AKMAL JAKARYA', 'D20003', 'L'),
(102205955, 'MUHAMMAD FARIZ RANA PUTRA', 'D20003', 'L'),
(102205956, 'MUHAMMAD FASYA NASHRULLOH', 'D20003', 'L'),
(102205957, 'MUHAMMAD KHALIF FATHIR ALBAR', 'D20003', 'L'),
(102205958, 'MUHAMMAD NAJWAN AFRIANSYAH', 'D20003', 'L'),
(102205959, 'MUHAMMAD ZEYHAN HANAFI', 'D20003', 'L'),
(102205960, 'NABILLA CITRA KIRANA ISWAN', 'D20003', 'P'),
(102205961, 'NAUVAL AMMAR FAUZAN', 'D20003', 'L'),
(102205962, 'NUR MARTINI', 'D20003', 'P'),
(102205963, 'RIA FITRIA', 'D20003', 'P'),
(102205964, 'RIKA', 'D20003', 'P'),
(102205965, 'RIKI RIZKI', 'D20003', 'L'),
(102205966, 'SALSA NABILA OKTAVIANI', 'D20003', 'P'),
(102205967, 'SALWA INDRIANI', 'D20003', 'P'),
(102205968, 'SITI ANNISA DEVIANTI', 'D20003', 'P'),
(102205969, 'SITI NUR HASNA', 'D20003', 'P'),
(102205970, 'SITI NURHOLIDAH', 'D20003', 'P'),
(102205971, 'SUSINAWATI', 'D20003', 'P'),
(102205972, 'SYAHID ALI SHAFAR', 'D20003', 'L'),
(102205973, 'TRISNA PANCA MULYADI', 'D20003', 'L'),
(102205974, 'VALENTINO ROSI DWI ATMAJA', 'D20003', 'L'),
(102205975, 'VANIA SYAHLA THAHIRA', 'D20003', 'P'),
(102205976, 'VIKRI ANTA MAULANA', 'D20003', 'L'),
(102205977, 'ADZHAN MUHAMMAD JIWA', 'A20001', 'L'),
(102205978, 'ALYA NANDA NOVELINA', 'A20001', 'P'),
(102205979, 'ANDINI BELIYA PUTRI', 'A20001', 'P'),
(102205980, 'ANDRIAN MAULANA SUKMA', 'A20001', 'L'),
(102205981, 'ASTRI SUSANTI', 'A20001', 'P'),
(102205982, 'EVA KARLINA', 'A20001', 'P'),
(102205984, 'FATHYA KAMILLYA KHALISSA', 'A20001', 'P'),
(102205985, 'FAUDZAN MAULANA', 'A20001', 'L'),
(102205986, 'GELAR SEPTIAN', 'A20001', 'L'),
(102205987, 'GHAZA ZAHRAN ALYUDIA', 'A20001', 'L'),
(102205988, 'GISKA NUR AGUS TRIANA', 'A20001', 'P'),
(102205989, 'HABIBI ARWANA HERMAN', 'A20001', 'L'),
(102205990, 'HOLIK RAMADANI ', 'A20001', 'L'),
(102205991, 'ISNAINI ANANDA PUTRI', 'A20001', 'P'),
(102205993, 'JEREMI TIMOTY AUSTIN NABABAN', 'A20001', 'L'),
(102205994, 'KANIA KHOERUNISA', 'A20001', 'P'),
(102205995, 'KINETA RAMADHINA DIANTY', 'A20001', 'P'),
(102205996, 'LUQMAN NUR HAKIIM', 'A20001', 'L'),
(102205997, 'MOCH ABIY RASIKH FATRIADI PUTRA', 'A20001', 'L'),
(102205998, 'MOCHAMMAD RIZKY JALALUDIN', 'A20001', 'L'),
(102205999, 'MUCKIE YUSUF FATHUDDIN', 'A20001', 'L'),
(102206000, 'MUHAMAD SYAHRUL HIDAYAT', 'A20001', 'L'),
(102206001, 'MUHAMMAD AZFAA CADENZA', 'A20001', 'L'),
(102206002, 'MUHAMMAD FATHIR AL MAJID', 'A20001', 'L'),
(102206003, 'MUHAMMAD FIKRI HENDRAWAN', 'A20001', 'L'),
(102206004, 'MUTIA OKTA RAMADHANI', 'A20001', 'P'),
(102206005, 'NAILAH RIFDAH SALMA HANDAYANI', 'A20001', 'P'),
(102206006, 'NAZRIL NABAWY', 'A20001', 'L'),
(102206007, 'NAZWA BUNGA RENATA', 'A20001', 'P'),
(102206008, 'NURMAN MAULANA', 'A20001', 'L'),
(102206009, 'QAYSHA  AZRIELLA AN IHSA ZULKARNAIN', 'A20001', 'P'),
(102206010, 'RAHMA PUTRI SYAMSUDIN', 'A20001', 'P'),
(102206011, 'SALSABILA URFA SANGKARYA', 'A20001', 'P'),
(102206012, 'YARDAN AUDRA SAVERO', 'A20001', 'L'),
(102206013, 'ADEC SETYA WULANDARI', 'A20002', 'P'),
(102206014, 'ALYSSA KIRANI PUTRI', 'A20002', 'P'),
(102206015, 'APRILIA PUSPITASARI', 'A20002', 'P'),
(102206016, 'ATHASYA RAHMALINDA ISKANDAR', 'A20002', 'P'),
(102206017, 'DEAN ADITYA ROMADHANY SUDRAJAT', 'A20002', 'L'),
(102206018, 'FATHIYA NASHWA DHIYAULHAQ', 'A20002', 'P'),
(102206019, 'IFEBRI RAMDANI', 'A20002', 'P'),
(102206020, 'JONATAN WIRATAMA IGNATIUS LIMBONG', 'A20002', 'L'),
(102206021, 'KANAYA NURSYAFA ATHAILLAH', 'A20002', 'P'),
(102206022, 'KAYLA PRAMESTI NAJWA WIBOWO', 'A20002', 'P'),
(102206023, 'MARSYA ALIYA ORBITA', 'A20002', 'P'),
(102206024, 'MIFTAH FARID. Z', 'A20002', 'L'),
(102206025, 'MUHAMAD SYAEFUL AZIZ', 'A20002', 'L'),
(102206026, 'MUHAMMAD DAFFA ARSABIAN', 'A20002', 'L'),
(102206027, 'MUHAMMAD REIGI NOOR ABRIAN', 'A20002', 'L'),
(102206028, 'MUHAMMAD RIZKI PADILLAH', 'A20002', 'L'),
(102206029, 'MUHAMMAD SANDRIYAN GUMILAR', 'A20002', 'L'),
(102206030, 'MUHAMMAD ZAKY FATHURRAHMAN', 'A20002', 'L'),
(102206031, 'MUTHIA RAHMA WATI', 'A20002', 'P'),
(102206032, 'NIDA ALIFATUN KHASANAH', 'A20002', 'P'),
(102206033, 'RAZAQ UMAR KHOLIQ', 'A20002', 'L'),
(102206034, 'RD. SYAHRUL DIANSAH', 'A20002', 'L'),
(102206035, 'REVANDA ADITYA AL MALIK', 'A20002', 'L'),
(102206036, 'RIRIN DHAWIYA ZAHRA', 'A20002', 'P'),
(102206037, 'RIZKI AMELIA', 'A20002', 'P'),
(102206039, 'RIZKY SAPUTRA', 'A20002', 'L'),
(102206040, 'SAEFUL HARIS ALBUKHARI', 'A20002', 'L'),
(102206042, 'TALITHA AURELLIA KHAIRUNNISA', 'A20002', 'P'),
(102206043, 'VANESIA JUNICA HERIANTO', 'A20002', 'P'),
(102206044, 'YADI', 'A20002', 'L'),
(102206045, 'YUMA AKIRA MAZIN ZIMRAAN', 'A20002', 'L'),
(102206046, 'ZAINAL MUSTOFA', 'A20002', 'L'),
(102206047, 'ZAKI RAFI DZIBAN', 'A20002', 'L'),
(102206048, 'ZARLINDA RABI`ATUL ADAWIYAH', 'A20002', 'P'),
(102206049, 'ALVINO SYAH PUTRA', 'K20001', 'L'),
(102206050, 'ANDRI NUR RAMADHANI SUTARJA', 'K20001', 'L'),
(102206051, 'ANIS KHOIRUNNISA', 'K20001', 'P'),
(102206052, 'ANISA', 'K20001', 'P'),
(102206053, 'ANNISSA RAHMA PUTRI DAMAYANTI', 'K20001', 'P'),
(102206054, 'ASTI NUR HASANAH', 'K20001', 'P'),
(102206055, 'DIVA EKA JANUAR', 'K20001', 'P'),
(102206056, 'FIKRI HAPID NUR RIZKI', 'K20001', 'L'),
(102206057, 'GHANI ANGGARA', 'K20001', 'L'),
(102206058, 'HASNA GHINA FAADYAH', 'K20001', 'P'),
(102206059, 'ILYAS DWI ATTALLAH', 'K20001', 'L'),
(102206060, 'IQBAL ALIF RAHMATULLAH HIDAYAT', 'K20001', 'L'),
(102206061, 'KEYNARA CAEZARA SANGGABUANA SURYANATA', 'K20001', 'L'),
(102206062, 'LINDA PUTRI RAHMAWATI', 'K20001', 'P'),
(102206063, 'MARSHA PUTRIA', 'K20001', 'P'),
(102206064, 'MOHAMAD RIZKI', 'K20001', 'L'),
(102206065, 'MUHAMMAD DENY FIRMANSYAH', 'K20001', 'L'),
(102206066, 'MUHAMMAD SEPTIAN RAMDHANI', 'K20001', 'L'),
(102206067, 'NIK NIK ZAHRA NURAENI', 'K20001', 'P'),
(102206068, 'NUR ANGGITA PUTRI PURNAMA', 'K20001', 'P'),
(102206069, 'PANIA', 'K20001', 'P'),
(102206070, 'REHAN ARI WIJAYA', 'K20001', 'L'),
(102206071, 'REYNA PRILIANI', 'K20001', 'P'),
(102206072, 'RIHEN AULIYA PUTRA', 'K20001', 'L'),
(102206073, 'RINA KARLINA', 'K20001', 'P'),
(102206074, 'RIZKA NUR KAILA', 'K20001', 'P'),
(102206075, 'SALMA SALSABILA', 'K20001', 'P'),
(102206076, 'SALWA ADELLIA', 'K20001', 'P'),
(102206077, 'SELPI WIDIA ASTUTI', 'K20001', 'P'),
(102206078, 'SHAFA AGHNIA DARMAWAN', 'K20001', 'P'),
(102206079, 'SYAHRUL AGNAND', 'K20001', 'L'),
(102206080, 'TASYA FADILA AURELIA', 'K20001', 'P'),
(102206081, 'TYARA ANANDA PUTRI', 'K20001', 'P'),
(102206082, 'WAFA NAJLA HAMIDAH', 'K20001', 'P'),
(102206083, 'ANTONIO HARDIANTO', 'K20002', 'L'),
(102206084, 'ARASYA DWI AGISTHA', 'K20002', 'P'),
(102206085, 'ARIFIN ILHAM', 'K20002', 'L'),
(102206086, 'ATTORIQ FERDYANSYAH', 'K20002', 'L'),
(102206087, 'CANTIKA MUSTIKA LESTARI', 'K20002', 'P'),
(102206088, 'DAVINA AFRILYAS SULAEMAN', 'K20002', 'P'),
(102206089, 'DEDE RUSMANA', 'K20002', 'L'),
(102206090, 'DHEVA RAMADHANIE', 'K20002', 'P'),
(102206091, 'DIANA PUTRI', 'K20002', 'P'),
(102206092, 'FAHMI YUSUF HAFIDZ', 'K20002', 'L'),
(102206093, 'FANY MUMTAA`ZAH', 'K20002', 'P'),
(102206094, 'FITRI SITI NURJANAH', 'K20002', 'P'),
(102206095, 'INNES MUTIARA DELIMA', 'K20002', 'P'),
(102206096, 'KEYNARO CAEZARA JAYALANGIT SURYANATA', 'K20002', 'L'),
(102206097, 'KHAIRUNNISA MEYLINASARI', 'K20002', 'P'),
(102206098, 'KIREY KHALIZAH SIFA MUTMAINAH', 'K20002', 'P'),
(102206099, 'LUTHFI RAFA RAMDHANU', 'K20002', 'L'),
(102206100, 'MOHAMMAD RAGIL FATUROHMAN', 'K20002', 'L'),
(102206101, 'MUHAMMAD HASYA FADHILLAH ANGSOR', 'K20002', 'L'),
(102206102, 'MUHAMMAD NAUVAL', 'K20002', 'L'),
(102206103, 'MUHAMMAD SADDAM AKBAR', 'K20002', 'L'),
(102206104, 'NABIL DWI RAMDHANI', 'K20002', 'P'),
(102206105, 'NABILA NURHALIZA', 'K20002', 'P'),
(102206106, 'NAURA NAYSILA SUKMA', 'K20002', 'P'),
(102206107, 'NAZWA R. MYLOVEZA', 'K20002', 'P'),
(102206108, 'NUR ANISA', 'K20002', 'P'),
(102206109, 'REISTY APRILIA PUTRI', 'K20002', 'P'),
(102206110, 'RINA SUSANTI', 'K20002', 'P'),
(102206111, 'RIZKI JULIANSYAH', 'K20002', 'L'),
(102206112, 'SARAH SALSABILA FARIDA', 'K20002', 'P'),
(102206113, 'SHAFA NUR HALIZA', 'K20002', 'P'),
(102206114, 'SYABILLA KANNYA NASTITI', 'K20002', 'P'),
(102206115, 'WANDI MULYADI', 'K20002', 'L'),
(102206116, 'WINDA AGUSTIN SUHENDRA', 'K20002', 'P'),
(102206117, 'ZAELANY FAISAL AKBAR', 'K20002', 'L'),
(102206119, 'ALIFA NAZWA APRILA RAMDANI', 'K20003', 'P'),
(102206120, 'ALVIN HADIST SETIAWAN', 'K20003', 'L'),
(102206121, 'ASRI KAIDA TIANI', 'K20003', 'P'),
(102206122, 'ASTY AULIA NURFITRIANI', 'K20003', 'P'),
(102206123, 'BALQIS SYARIPAH', 'K20003', 'P'),
(102206124, 'CANDRA', 'K20003', 'L'),
(102206125, 'DHIVA VIOLENTIA', 'K20003', 'P'),
(102206126, 'FACHRA SAE PUTRI RAMADHANY', 'K20003', 'P'),
(102206127, 'FARIEL FADHILA RAMADHAN', 'K20003', 'L'),
(102206128, 'GENDIS GAYATRI', 'K20003', 'P'),
(102206129, 'HASNA DZAKIYYAH ZHAFIRAH SOETANTO', 'K20003', 'P'),
(102206130, 'KARIM NASRULLOH', 'K20003', 'L'),
(102206131, 'KOMARIAH', 'K20003', 'P'),
(102206132, 'MUADZIN MUHAMMAD FIRDAUS ', 'K20003', 'L'),
(102206133, 'MUHAMMAD ANUGRAH ZULFIKAR', 'K20003', 'L'),
(102206134, 'MUHAMMAD AZKA AZKYA PUTRA ARIPIN', 'K20003', 'L'),
(102206135, 'MUHAMMAD PEDROSA RESTU TAMPANI', 'K20003', 'L'),
(102206136, 'MUHTAR ANWARI', 'K20003', 'L'),
(102206137, 'NABBIL RAMDHAN FADHILAH', 'K20003', 'L'),
(102206138, 'NADIN REVALINA', 'K20003', 'P'),
(102206139, 'NAFHAN AHMAD FAKHRIY IZHARUDDIN', 'K20003', 'L'),
(102206140, 'NAZWA AULIA', 'K20003', 'P'),
(102206141, 'NG. GITA HALIMATUSA`DIAH', 'K20003', 'P'),
(102206142, 'PANDU ARTA RARJA', 'K20003', 'L'),
(102206143, 'PANJI SAPUTRA', 'K20003', 'L'),
(102206144, 'PUTRI AMELIA', 'K20003', 'P'),
(102206145, 'RASTI RAHMA WATI', 'K20003', 'P'),
(102206146, 'REVALINA APRIANI', 'K20003', 'P'),
(102206147, 'RIFKI MUHAEROM', 'K20003', 'L'),
(102206148, 'RISTIAN NUR FADILAH', 'K20003', 'L'),
(102206149, 'SABILA AGNA LAYILA AFRILLIA', 'K20003', 'P'),
(102206150, 'SELINA SHELSI SYAEFUTRI', 'K20003', 'P'),
(102206151, 'SITI NUR`AENI FEBRIANTI', 'K20003', 'P'),
(102206152, 'VINNY JULIAN ANDARA', 'K20003', 'P'),
(102206153, 'ANGGA ADITIA', 'T20001', 'L'),
(102206155, 'ARIANSYAH', 'T20001', 'L'),
(102206156, 'EGA ARDIANSYAH', 'T20001', 'L'),
(102206157, 'GALANG NAZHARUL SETIANA', 'T20001', 'L'),
(102206158, 'GHANIY SANDI MAHARDIKA', 'T20001', 'L'),
(102206159, 'HAFIZH DENOVAN FADHILLAH. S', 'T20001', 'L'),
(102206160, 'IKBAL AGUSTIAN', 'T20001', 'L'),
(102206161, 'MOCHAMAD DHANY FABIAN', 'T20001', 'L'),
(102206162, 'MOH RIZKIE JAYA PUTRA', 'T20001', 'L'),
(102206163, 'MOHAMMAD RAIHAN ARIEF JULIANSYAH PUTRA', 'T20001', 'L'),
(102206164, 'MUHAMAD RIDHO ALIF FAHRIZA', 'T20001', 'L'),
(102206165, 'MUHAMAD RIDWAN NURHALIM SOPIAN', 'T20001', 'L'),
(102206167, 'MUHAMMAD LEVIANDRA FIRDAUS', 'T20001', 'L'),
(102206168, 'MUHAMMAD RAFI MAULIDA', 'T20001', 'L'),
(102206169, 'NAIYVA GITA SELVIRA', 'T20001', 'P'),
(102206170, 'NOVAL ISWANDI', 'T20001', 'L'),
(102206171, 'RAFLI MUHAMAD AKBAR', 'T20001', 'L'),
(102206172, 'RAPLI ABDUL GHOFUR', 'T20001', 'L'),
(102206173, 'RASYA FAZRI FADILAH', 'T20001', 'L'),
(102206174, 'RAYHAN ZIDAN ERLANGGA', 'T20001', 'L'),
(102206175, 'RESTU NUR FADILLAH', 'T20001', 'L'),
(102206176, 'REZHA DESRA PRATAMA', 'T20001', 'L'),
(102206177, 'RHAYSHA FHAUZIYA', 'T20001', 'L'),
(102206178, 'RIFALDI', 'T20001', 'L'),
(102206179, 'RIZKI NURRAMADHAN', 'T20001', 'L'),
(102206180, 'RUSDAN HANIF APANDI', 'T20001', 'L'),
(102206181, 'RUSENO GEMA HEPTA DIPUTRA', 'T20001', 'L'),
(102206182, 'SALMAN KURNIAWAN', 'T20001', 'L'),
(102206183, 'SATRIA ERLANGGA BUDI HARTO', 'T20001', 'L'),
(102206184, 'SENDI HERMAWAN', 'T20001', 'L'),
(102206185, 'WILIS YULIANTI', 'T20001', 'P'),
(102206186, 'YUDA PERMANA ', 'T20001', 'L'),
(102206187, 'YUSEF RAMDHANI', 'T20001', 'L'),
(102206188, 'ZAKI PITRA PRATAMA', 'T20001', 'L'),
(102206189, 'A ADI PUTRA NURUL AULIA', 'T20002', 'L'),
(102206190, 'ABI YAZID KURNIA', 'T20002', 'L'),
(102206191, 'ADRIAN EKA PRATAMA', 'T20002', 'L'),
(102206193, 'AHMAD MAULANA ISKANDAR', 'T20002', 'L'),
(102206194, 'ALVIN DWI PRASETYO', 'T20002', 'L'),
(102206195, 'ANDHIKA RAJIB NUGRAHA', 'T20002', 'L'),
(102206196, 'DENY NUGROHO', 'T20002', 'L'),
(102206197, 'DZAKI RIZQULLOH PURNOMO', 'T20002', 'L'),
(102206198, 'FARID AL FADIL', 'T20002', 'L'),
(102206199, 'FARID LUSTIANTO. S', 'T20002', 'L'),
(102206200, 'JAKARIA RAMDANI', 'T20002', 'L'),
(102206201, 'M. HARIS FARHAN', 'T20002', 'L'),
(102206202, 'MOCHAMMAD RIFKY SUBHANNUDIN ARDIANSYAH', 'T20002', 'L'),
(102206203, 'MUHAMAD ANDIKA ARDIANTO', 'T20002', 'L'),
(102206204, 'MUHAMAD ILHAM HIDAYAH KUSUMA', 'T20002', 'L'),
(102206205, 'MUHAMAD RAFI AFDALLILAH', 'T20002', 'L'),
(102206206, 'MUHAMAD RAMDAN', 'T20002', 'L'),
(102206207, 'MUHAMAD RAMDAN AL BUHORI', 'T20002', 'L'),
(102206208, 'MUHAMAD RAZIB', 'T20002', 'L'),
(102206209, 'MUHAMAD RIZKI', 'T20002', 'L'),
(102206210, 'MUHAMMAD ANDIKA PERDANA', 'T20002', 'L'),
(102206211, 'MUHAMMAD FADDIL ARRAFI', 'T20002', 'L'),
(102206212, 'MUHAMMAD HIZBULLAH KUSNADIN', 'T20002', 'L'),
(102206213, 'MUHAMMAD NAJIB', 'T20002', 'L'),
(102206214, 'MUHAMMAD RIDWAN HERMAWAN', 'T20002', 'L'),
(102206215, 'MUHAMMAD SALMAN HAFIZH', 'T20002', 'L'),
(102206216, 'NAFAL MAULANA LAUDZA MANAL', 'T20002', 'L'),
(102206218, 'RAFI MOCHAMAD ALPHARIZZY', 'T20002', 'L'),
(102206219, 'RAGIL MAHDAVIKIA RIZKIAWAN', 'T20002', 'L'),
(102206220, 'RIFKIY DWI SAPUTRA', 'T20002', 'L'),
(102206221, 'SIDIK PANGESTU', 'T20002', 'L'),
(102206222, 'SYARIP ROHMAN NUGRAHA', 'T20002', 'L'),
(102206223, 'TAUFIQ NUR HIDAYAT', 'T20002', 'L'),
(102206224, 'ABDILAH NUR IKHSAN', 'E20001', 'L'),
(102206225, 'AFRIZAL IBNU MAULANA ARIF', 'E20001', 'L'),
(102206226, 'AHMAD DANIYAL BUKHORI', 'E20001', 'L'),
(102206227, 'BERKAT SYUKUR HALAWA', 'E20001', 'L'),
(102206228, 'CANTIKA NUR AZAHRA', 'E20001', 'P'),
(102206229, 'DEDE SOBANA', 'E20001', 'L'),
(102206230, 'DEDE YUSUP SUPRIATNA', 'E20001', 'L'),
(102206231, 'DIMAS YUDISTIRA', 'E20001', 'L'),
(102206232, 'FAKHRI AZHARULHAQ', 'E20001', 'L'),
(102206233, 'FARIQH AZIZ SUKANDA', 'E20001', 'L'),
(102206234, 'FERDIE MULYADI', 'E20001', 'L'),
(102206235, 'GILANG DANISA', 'E20001', 'L'),
(102206236, 'HABIB MIRZAMI', 'E20001', 'L'),
(102206237, 'ILHAM WAHYUDIN', 'E20001', 'L'),
(102206238, 'MUHAMAD AKBAR BUDIMAN', 'E20001', 'L'),
(102206239, 'MUHAMMAD ADIKA RAHMANA PUTRA', 'E20001', 'L'),
(102206240, 'MUHAMMAD ALIEF ROHMAN SANSUARDI', 'E20001', 'L'),
(102206241, 'MUHAMMAD AZZHAR RAHMAN', 'E20001', 'L'),
(102206242, 'MUHAMMAD NAUFAL HISYAM', 'E20001', 'L'),
(102206243, 'MUHAMMAD NAUFAL RUSWANDI', 'E20001', 'L'),
(102206244, 'MUHAMMAD ZHAVIER AL FAWWAZ', 'E20001', 'L'),
(102206245, 'MUHAMMAD ZULFIKAR HARAHAP', 'E20001', 'L'),
(102206246, 'MUHTIAR ARDIANSYAH', 'E20001', 'L'),
(102206247, 'NIKEN NASYABIELA', 'E20001', 'P'),
(102206248, 'RAFLI MILAN FARIZ', 'E20001', 'L'),
(102206249, 'RAHMAN RAFFANSYAH', 'E20001', 'L'),
(102206250, 'RAMDAN GUNANDAR', 'E20001', 'L'),
(102206251, 'REKSA DERIAN AGUSTA', 'E20001', 'L'),
(102206252, 'RETNO WULANDARI', 'E20001', 'P'),
(102206253, 'RIZKI MUHAMMAD ILYAS', 'E20001', 'L'),
(102206254, 'RYU SURYA VAN DER MEGOTH', 'E20001', 'L'),
(102206255, 'SALMAN RAMADHAN PUTRA', 'E20001', 'L'),
(102206256, 'TAUFIK FIRMANSYAH', 'E20001', 'L'),
(102206257, 'TIERY MULKI SAFYUDIN', 'E20001', 'L'),
(102206258, 'TSABIT CAHILLA', 'E20001', 'P'),
(102206259, 'YUDI PRATAMA', 'E20001', 'L'),
(102206260, 'ADIKA PRAWIRA', 'E20002', 'L'),
(102206261, 'AGUS DIAN', 'E20002', 'L'),
(102206262, 'ARJUN SIDIQ', 'E20002', 'L'),
(102206263, 'AZHAR ABDILLAH', 'E20002', 'L'),
(102206264, 'DWI AZKA REIHAN', 'E20002', 'L'),
(102206265, 'FADLY NURWANSYAH', 'E20002', 'L'),
(102206266, 'FAJAR SETIAWAN', 'E20002', 'L'),
(102206267, 'FARABYAN PUTERA GHIFARI', 'E20002', 'L'),
(102206268, 'FAREAL JAYA AL GAZALI', 'E20002', 'L'),
(102206269, 'HASBI FACHRIZAL SHIDIQ', 'E20002', 'L'),
(102206270, 'IBRAHIM SAHL AKBAR JARULLAH', 'E20002', 'L'),
(102206271, 'KHOIRUL PADHA SAPUTRO', 'E20002', 'L'),
(102206272, 'MARTIN SLAMET', 'E20002', 'L'),
(102206273, 'MOCHAMMAD RIZKY WICAKSONO', 'E20002', 'L'),
(102206274, 'MOHAMMAD FATIH ROZAQ ASYA`BANI', 'E20002', 'L'),
(102206275, 'MUHAMAD ABI NURAHMAN', 'E20002', 'L'),
(102206276, 'MUHAMAD ARYA GOVARONA', 'E20002', 'L'),
(102206277, 'MUHAMAD IQSAN AZIZ ANGGARA', 'E20002', 'L'),
(102206278, 'MUHAMAD RAFA SEPTIAN ALFALLAH', 'E20002', 'L'),
(102206279, 'MUHAMMAD DIAZ ADITYA AL FARID', 'E20002', 'L'),
(102206280, 'MUHAMMAD FAKHRI RAMADHAN ERLANGGA', 'E20002', 'L'),
(102206281, 'MUHAMMAD ZAKI HAFIZH', 'E20002', 'L'),
(102206282, 'MUHAMMAD ZAKI NUR IRSYAD', 'E20002', 'L'),
(102206283, 'MUHAMMAD ZIDAN AZKA ARYALIN', 'E20002', 'L'),
(102206284, 'NABIL TRIMITRA JULIANDASYAH', 'E20002', 'L'),
(102206285, 'NAUFAL PUTRA PRASETYA', 'E20002', 'L'),
(102206286, 'RACHMAT SABNI', 'E20002', 'L'),
(102206287, 'RAKA ADITYA PUTRA', 'E20002', 'L'),
(102206288, 'RAKHA ACHMADI PUTRA', 'E20002', 'L'),
(102206289, 'RASYAD AWALUDY SUTEDJA', 'E20002', 'L'),
(102206290, 'REGHA PUTRA PRATAMA', 'E20002', 'L'),
(102206291, 'REIZA JULIAN RIZKULLOH', 'E20002', 'L'),
(102206292, 'RIDHO RISKI ARDIANSYAH', 'E20002', 'L'),
(102206293, 'RIZKI NUROHMAN', 'E20002', 'L'),
(102206294, 'VIRGYA MUTIARA HERMAWAN', 'E20002', 'P'),
(102206295, 'WILDA JULIANTI', 'E20002', 'P'),
(102206296, 'AHMAD MUHAIMIN RAJIB ASIANDI', 'E20003', 'L'),
(102206297, 'AHNAF RIDHOLLOH', 'E20003', 'L'),
(102206298, 'ALDI DENIANSYAH', 'E20003', 'L'),
(102206299, 'ANDIKA ASEP SUBAGJA', 'E20003', 'L'),
(102206300, 'ARI SUSANTO WIBOWO', 'E20003', 'L'),
(102206301, 'DIAZ ANGGARA', 'E20003', 'L'),
(102206302, 'DZAKY AZKIANATA', 'E20003', 'L'),
(102206303, 'FAIYRUZ FAJAR FADHILLAH', 'E20003', 'L'),
(102206304, 'FARHAN NURHARIS', 'E20003', 'L'),
(102206305, 'FEBI SATRIA PRAMUDITA', 'E20003', 'L'),
(102206306, 'GERALDO ZETH', 'E20003', 'L'),
(102206307, 'HAFIDZ NUGRAHA', 'E20003', 'L'),
(102206308, 'HARITS SUGIARTO SYAFA`AT', 'E20003', 'L'),
(102206309, 'IJWAL NURASHAB KAHPI', 'E20003', 'L'),
(102206310, 'ILHAM RADHO KURNIAWAN', 'E20003', 'L'),
(102206311, 'JEISYEN NICKY ALPRIANO TACKOY', 'E20003', 'L'),
(102206312, 'JOSUA PARDAMEAN SIMANGUNSONG', 'E20003', 'L'),
(102206313, 'KURNIA HARI SUBAGJA', 'E20003', 'L'),
(102206314, 'M. RIZAL FEBRIAN', 'E20003', 'L'),
(102206316, 'MUHAMAD DESTA ANGGARA', 'E20003', 'L'),
(102206317, 'MUHAMAD RIDWAN MAULANA', 'E20003', 'L'),
(102206318, 'MUHAMAD RIFKI FIRMANSYAH', 'E20003', 'L'),
(102206319, 'MUHAMAD RIZQI', 'E20003', 'L'),
(102206320, 'MUHAMMAD ANWAR', 'E20003', 'L'),
(102206321, 'MUHAMMAD FATHIR AL GAZALI', 'E20003', 'L'),
(102206322, 'MUHAMMAD NAJWAN BAGAS PUTRA', 'E20003', 'L'),
(102206323, 'RAGGA GANGGA DENNATA', 'E20003', 'L'),
(102206324, 'RANDI PRATAMA', 'E20003', 'L'),
(102206325, 'RICKY ADYRA RAMADAN', 'E20003', 'L'),
(102206326, 'RIDHAN PAHRI', 'E20003', 'L'),
(102206327, 'RIZWAN FAUZAN SULAEMAN', 'E20003', 'L'),
(102206328, 'SITI NUR FADILAH', 'E20003', 'P'),
(102206329, 'TALITHA AULIA', 'E20003', 'P'),
(102206330, 'ADI SAMSUDIN', 'E20004', 'L'),
(102206331, 'ADIT NUGRAHA', 'E20004', 'L'),
(102206332, 'AJI SEPTIAN NUGRAHA', 'E20004', 'L'),
(102206333, 'ALDI NUR AULIYA', 'E20004', 'L'),
(102206334, 'ALFI SYAHRY', 'E20004', 'L'),
(102206335, 'ALKAUTSAR AZKA FADHIL', 'E20004', 'L'),
(102206336, 'BRILLIAN ADHITAMA', 'E20004', 'L'),
(102206337, 'CEVY ARRAHMAN', 'E20004', 'L'),
(102206338, 'DEIRAN MOSES GUSTAVIANO NAINGGOLAN', 'E20004', 'L'),
(102206339, 'DICKY ARDIANSYAH', 'E20004', 'L'),
(102206340, 'DIKY ANDRIANSYAH', 'E20004', 'L'),
(102206341, 'FACHRI RIZKY INDRAJAT', 'E20004', 'L'),
(102206342, 'FAIZ NAFIL', 'E20004', 'L'),
(102206343, 'IRWAN SETIAWAN HIDAYAT', 'E20004', 'L'),
(102206344, 'MOCHAMAD RIZKY NURJAMAN', 'E20004', 'L'),
(102206345, 'MOCHAMMAD ZIL MULKI', 'E20004', 'L'),
(102206346, 'MOHAMAD HADI HADIANSAH', 'E20004', 'L'),
(102206347, 'MUHAMAD QADRIAN ROCKHY MILANO', 'E20004', 'L'),
(102206348, 'MUHAMMAD RIZKI ANUGRAH', 'E20004', 'L'),
(102206349, 'RAFLI AL GHIFARI', 'E20004', 'L'),
(102206350, 'REIHAN INSANU RIDHO', 'E20004', 'L'),
(102206351, 'REVIN', 'E20004', 'L'),
(102206352, 'RIFAN AQILA PRATAMA', 'E20004', 'L'),
(102206353, 'RIFAT AKHTAR', 'E20004', 'L'),
(102206354, 'RIFKY FATUROCHMAN', 'E20004', 'L'),
(102206355, 'RIZAL ALPARIZI', 'E20004', 'L'),
(102206356, 'RIZQY MUGNI ABDILLAH', 'E20004', 'L'),
(102206357, 'SURYA SAFRIZAL SETIAWAN', 'E20004', 'L'),
(102206358, 'SYAHRIL FIRMANSYAH', 'E20004', 'L'),
(102206359, 'VIEKY FIRMANSYAH', 'E20004', 'L'),
(102206360, 'WANDA WANDIRA', 'E20004', 'P'),
(102206361, 'WINDA AMALIA', 'E20004', 'P'),
(102206362, 'ZAHRA KHAIRUNNISA', 'E20004', 'P'),
(102306363, 'ADI FADLY SHAADIQIN', 'P10001', 'L'),
(102306364, 'AHMAD IQBAL MAULANA', 'P10001', 'L'),
(102306365, 'AL RASYID NAZARUDIN', 'P10001', 'L'),
(102306366, 'AQELL RAZZA HAFIIZ', 'P10001', 'L'),
(102306367, 'DIANA NUR RAMDIANI', 'P10001', 'P'),
(102306368, 'DWI PUTRI RAHMADANI', 'P10001', 'P'),
(102306369, 'DZIKA AZIZIL JULFIKRI', 'P10001', 'L'),
(102306370, 'FABIAN AULIA PERMANA', 'P10001', 'L'),
(102306371, 'FATMA NUR FADILA', 'P10001', 'P'),
(102306372, 'IZZY SANDRIANNA RAKHMAN', 'P10001', 'L'),
(102306373, 'KAYLA ADHALIES SOLEH', 'P10001', 'P'),
(102306374, 'LIDYA VALENTINA CRISTIE BR MANIK', 'P10001', 'P'),
(102306375, 'MARSYA AMIRA', 'P10001', 'P'),
(102306376, 'MUHAMAD ALFAN RAMADAN', 'P10001', 'L'),
(102306377, 'MUHAMMAD DAFFA ARRIZKY', 'P10001', 'L'),
(102306378, 'MUHAMMAD HAIKAL \'ARIEF', 'P10001', 'L'),
(102306379, 'MUHAMMAD PASHA AFGANI SIDAMPOY', 'P10001', 'L'),
(102306380, 'MUHAMMAD QINTHAR AZKA NUGRAHA', 'P10001', 'L'),
(102306381, 'MUHAMMAD RIZKI HASAN', 'P10001', 'L'),
(102306382, 'QAILLA JULYA AGNIA SUPRATMAN', 'P10001', 'P'),
(102306383, 'RADEN MOHAMAD NAUFAL GHANI FATTAH MUTAQIEN', 'P10001', 'L'),
(102306384, 'RAFFI ALDZANI', 'P10001', 'L'),
(102306385, 'RAIZAN KHAIRUL ANAM', 'P10001', 'L'),
(102306386, 'RAKHA ATHOILLAH ', 'P10001', 'L'),
(102306387, 'RAMDANI', 'P10001', 'L'),
(102306388, 'REZA HERMAWAN', 'P10001', 'L'),
(102306389, 'RIANA PUTRI LESTARI', 'P10001', 'P'),
(102306390, 'RITA SALWA ALFIYAH', 'P10001', 'P'),
(102306391, 'RIZKY DWI HARYADI', 'P10001', 'L'),
(102306392, 'SANDY HIDAYAT', 'P10001', 'L'),
(102306393, 'SAVAIRA MUTHIA RAMADHAN', 'P10001', 'P'),
(102306394, 'SEPTIANA RAMADHANI', 'P10001', 'L'),
(102306395, 'SILVA NAFISA SABILLA', 'P10001', 'P'),
(102306396, 'SYIFA NUR AULYA', 'P10001', 'P'),
(102306397, 'WAFIYANA IBRAHIM', 'P10001', 'L'),
(102306398, 'YUGA AHMAD FAUZAN', 'P10001', 'L'),
(102306399, 'ADZFAR SEPTIAN DHIAULROHMAN', 'P10002', 'L'),
(102306400, 'AGISTI NUR ANDINI', 'P10002', 'P'),
(102306401, 'AISHA SALSABILA', 'P10002', 'P'),
(102306402, 'AJENG HERLYANA SETIA FAJRI', 'P10002', 'P'),
(102306403, 'ALBIAN RIZKY RAMADHAN', 'P10002', 'L'),
(102306404, 'ANDIKA AGIFTIA', 'P10002', 'L'),
(102306405, 'ANDRE AGUSTINUS ZACHARIAS', 'P10002', 'L'),
(102306406, 'ASRIANITA NOVIANTI', 'P10002', 'P'),
(102306407, 'DERELL EDRICO ARDIANO LUBIS', 'P10002', 'L'),
(102306408, 'DEWI ANDINI', 'P10002', 'P'),
(102306409, 'ELSA AURELIA PUTRI', 'P10002', 'P'),
(102306410, 'FAHREZA ZULFAQI', 'P10002', 'L'),
(102306411, 'FAHRI RAISA FATURAHMAN', 'P10002', 'L'),
(102306412, 'FAREL RADITYA FAHREZI', 'P10002', 'L'),
(102306413, 'GALLANT FATHUR RAHMAN', 'P10002', 'L'),
(102306414, 'HABIB APTA HIDAYATULLAH', 'P10002', 'L'),
(102306415, 'INTAN SYNTIA DEWI', 'P10002', 'P'),
(102306416, 'KAYLA ANGGI WULANDARI', 'P10002', 'P'),
(102306417, 'KIRANA AURELIA', 'P10002', 'P'),
(102306418, 'M. AZRILBAHTIAR', 'P10002', 'L'),
(102306419, 'MELINDA PUSPITA ANGGRAENI', 'P10002', 'P'),
(102306420, 'MUHAMMAD JIYAD RADIANSYAH', 'P10002', 'L'),
(102306421, 'MUHAMMAD PANCA ABIPHRAYA SUJANA', 'P10002', 'L'),
(102306422, 'MUHAMMAD ZAHWAN AL HASBY', 'P10002', 'L'),
(102306423, 'NAWANG SARI AISYAH', 'P10002', 'P'),
(102306424, 'RAIHAAN FAUZI BARLIAN', 'P10002', 'L'),
(102306425, 'RAISYA SILVANIA RUSNANDI', 'P10002', 'P'),
(102306426, 'REHAN PRATAMA SETIADI', 'P10002', 'L'),
(102306427, 'RIFA PEBRIANTI', 'P10002', 'P'),
(102306428, 'RINI', 'P10002', 'P'),
(102306429, 'RUBEN RAFAEL', 'P10002', 'L'),
(102306430, 'SALIM SYAUQHI RACHMAN', 'P10002', 'L'),
(102306431, 'SARAH AULIA FAJRIANI', 'P10002', 'P'),
(102306432, 'TIARA NUR AMANAH', 'P10002', 'P'),
(102306433, 'ZALWA KHOERUNNISA PEBRIANY', 'P10002', 'P'),
(102306434, 'ALDI RADIANSYAH', 'D10001', 'L'),
(102306435, 'ALFI LATIFAH', 'D10001', 'P'),
(102306436, 'ANGGRAENI DWI SULISTIARINI', 'D10001', 'P'),
(102306437, 'ARKA RADITTYA ZULKARNAEN', 'D10001', 'L'),
(102306438, 'ASLAM AULIA RAHARJO', 'D10001', 'L'),
(102306439, 'AZARSYAH AL MAGHRIBI', 'D10001', 'L'),
(102306440, 'AZKHA ALI RAMADHAN', 'D10001', 'L'),
(102306441, 'AZZURA MAHARANI', 'D10001', 'P'),
(102306442, 'CHANDRA ALDIANSYAH', 'D10001', 'L'),
(102306443, 'DIAH LESTARI', 'D10001', 'P'),
(102306444, 'DLORIF ALWANDA FALAH', 'D10001', 'L'),
(102306445, 'FARRIJ QOLBI SOPIAN', 'D10001', 'L'),
(102306446, 'HERYA DRUPADI BRATA', 'D10001', 'P'),
(102306447, 'HIRAKI ARRASYID HAMDANI', 'D10001', 'L'),
(102306448, 'JENAL SETIAWAN', 'D10001', 'L'),
(102306449, 'KARIN YUNIAWATI', 'D10001', 'P'),
(102306450, 'KAYLA AJENG KHOIRUNNISA', 'D10001', 'P'),
(102306451, 'KAYLA GEVIRA PUTRI', 'D10001', 'P'),
(102306452, 'KRISNA RAMADHANI', 'D10001', 'L'),
(102306453, 'M. RIZKY AHMAD NURILLAHI', 'D10001', 'L'),
(102306454, 'MOFITA AYU ARINI', 'D10001', 'P'),
(102306455, 'MOHAMAD FAZRIL RAFLI MAULANA', 'D10001', 'L'),
(102306456, 'MUHAMAD MUGHNI', 'D10001', 'L'),
(102306457, 'MUHAMMAD ABBY VULQYU SAPUTRA', 'D10001', 'L'),
(102306458, 'MUHAMMAD FADLAN SETIADI', 'D10001', 'L'),
(102306459, 'MUHAMMAD ZAKI NUGRAHA', 'D10001', 'L'),
(102306460, 'NAILAH NURJANNAH LUBIS', 'D10001', 'P'),
(102306461, 'NURUL AZMI', 'D10001', 'P'),
(102306462, 'PUTRI KHOIRUNNISA', 'D10001', 'P'),
(102306463, 'RISKA ADRIYANTI', 'D10001', 'P'),
(102306464, 'RISKI TIARA', 'D10001', 'P'),
(102306465, 'SAVIRA AZZAHRA SYA\'BANI', 'D10001', 'P'),
(102306466, 'SUCI AINNUR RAMADHANI', 'D10001', 'P'),
(102306467, 'TORIK ALFARYAN FAJARRIZKI', 'D10001', 'L'),
(102306468, 'VINI BENEDERTA AMPE RUNESI', 'D10001', 'P'),
(102306469, 'WIYANDA PUSPA INDAH', 'D10001', 'P'),
(102306470, 'ADAM SATRIA RAMADHAN', 'D10002', 'L'),
(102306471, 'AGINA CHALSABELA', 'D10002', 'P'),
(102306472, 'AHMAD REVALDI', 'D10002', 'L'),
(102306473, 'AHZA NAZIHAH FAIRUZA', 'D10002', 'P'),
(102306474, 'ALZENA NAJIB', 'D10002', 'L'),
(102306475, 'ANITA INDRIANI', 'D10002', 'P'),
(102306476, 'ARJABILA YOESTI', 'D10002', 'P'),
(102306477, 'AULIA MAULINA', 'D10002', 'P'),
(102306478, 'DESIFA YULIANTI', 'D10002', 'P'),
(102306479, 'ERIKA NABILLA', 'D10002', 'P'),
(102306480, 'FAHRI SAPUTRA', 'D10002', 'L'),
(102306481, 'FAJAR WILDAN MAULANA', 'D10002', 'L'),
(102306482, 'FAREALDY MAHARDICKA', 'D10002', 'L'),
(102306483, 'FAZLI INAYATUR RAHMAN', 'D10002', 'L'),
(102306484, 'HAFIZH FIRDAUS RAMDHANI', 'D10002', 'L'),
(102306485, 'HASBI MUHAMMAD ASHIDIQIE', 'D10002', 'L'),
(102306486, 'HILAL RAMADHAN', 'D10002', 'L'),
(102306487, 'JIHAN ZHAFIRA AULIA', 'D10002', 'P'),
(102306488, 'KENT BERRYL BASWARA SIREIKAN', 'D10002', 'L'),
(102306489, 'LENI LISTIANI', 'D10002', 'P'),
(102306490, 'LINA AWALINA', 'D10002', 'P'),
(102306491, 'M. MAHARGA PUTRA', 'D10002', 'L'),
(102306492, 'MUHAMAD AKBAR JAELANI SUTISNA', 'D10002', 'L'),
(102306493, 'MUHAMMAD RADZIQ SALEH SAEPUDIN', 'D10002', 'L'),
(102306494, 'MUHAMMAD RIZQI FADHILAH', 'D10002', 'L'),
(102306495, 'NABILA ZAHRA', 'D10002', 'P'),
(102306496, 'NAFISHA VANNIA ZERANI', 'D10002', 'P'),
(102306497, 'NASYWA NUR\'ALFIYA HADIANSYAH', 'D10002', 'P'),
(102306498, 'NURRIZKI FAUZI PRATAMA', 'D10002', 'L'),
(102306499, 'REHAN RUSTIANA', 'D10002', 'L'),
(102306500, 'RENA APRIYANTI', 'D10002', 'P'),
(102306501, 'RENDI NURDIANSYAH', 'D10002', 'L'),
(102306502, 'RIFAL SAEPUL ROHMAN', 'D10002', 'L'),
(102306503, 'RINA RIZKI', 'D10002', 'P'),
(102306504, 'SELLI RAMADHANI', 'D10002', 'P'),
(102306505, 'ZAHWA ZICKA WIMALA', 'D10002', 'P'),
(102306506, 'ADHIGANNA NUR PRAWIRA', 'D10003', 'L'),
(102306507, 'AHMAD CAHYA DZUL FAHMI JUENI', 'D10003', 'L'),
(102306508, 'ANGGA RIZKY AGUSTIAWAN', 'D10003', 'L'),
(102306509, 'ARYA ATHAFACHRIZAL', 'D10003', 'L'),
(102306510, 'AYU FITRI RAHAYU', 'D10003', 'P'),
(102306511, 'AZRA NAOMI HANDOYO', 'D10003', 'P'),
(102306512, 'AZZAHRA FATIHA HILLAN', 'D10003', 'P'),
(102306513, 'BILAL SYAUQI NUR HADI', 'D10003', 'L'),
(102306514, 'DARREL ZHAFIF PRADIPTA', 'D10003', 'L'),
(102306515, 'DIKA', 'D10003', 'L'),
(102306516, 'FARHAN DANISWARA HANESTI', 'D10003', 'L'),
(102306517, 'FARIS MANZANO', 'D10003', 'L'),
(102306518, 'FITRIA OKTARIANI', 'D10003', 'P'),
(102306519, 'GERRY PRAKASA GUFTY', 'D10003', 'L'),
(102306520, 'IKHSAN ARAS PURNAMA', 'D10003', 'L'),
(102306521, 'JUNITA NUR FITRIANI', 'D10003', 'P'),
(102306522, 'M. BIMAR MANDALA PUTRA', 'D10003', 'L'),
(102306523, 'MUHAMMAD FATHAN NUGRAHA', 'D10003', 'L'),
(102306524, 'MUHAMMAD REVALDY NURRAHMAN ', 'D10003', 'L'),
(102306525, 'MUHAMMAD RIZKI HERMAWAN', 'D10003', 'L'),
(102306526, 'NADHIRA ARIA SYANDI', 'D10003', 'P'),
(102306527, 'NATHANIA CHAVYLAKEISHA', 'D10003', 'P'),
(102306528, 'NUR ALY ARRAYYAN LATARISSA', 'D10003', 'L'),
(102306529, 'QEYRA NATABELLA', 'D10003', 'P'),
(102306530, 'RANGGA JUNIANSAH', 'D10003', 'L'),
(102306531, 'RATU DESTIANA', 'D10003', 'P'),
(102306532, 'RESQY AMELIA SUCI', 'D10003', 'P'),
(102306533, 'RIA AGUSTINA', 'D10003', 'P'),
(102306534, 'RIFKA AHMAD FAUZAN', 'D10003', 'L'),
(102306535, 'SALSA NURAINI', 'D10003', 'P'),
(102306536, 'SANCANG DHIVA RASA', 'D10003', 'L'),
(102306537, 'SASKIA FIKA NURMALA', 'D10003', 'P'),
(102306538, 'SILVI ANDRIANY', 'D10003', 'P'),
(102306539, 'YOLANDA WULANDARI', 'D10003', 'P'),
(102306540, 'ZAHARA KIREYNA SASIKIRANA', 'D10003', 'P'),
(102306541, 'ZAHRA GANIA ARIZA', 'D10003', 'P'),
(102306542, 'AL FAIZATULLAH AFDHAN LADZUARDI', 'A10001', 'L'),
(102306543, 'ALISYA FAUZIA', 'A10001', 'P'),
(102306544, 'APRILIA UTAMI', 'A10001', 'P'),
(102306545, 'BAGASH DERMAWAN PUTRANTO', 'A10001', 'L'),
(102306546, 'DIANA GIVA YULIANTI', 'A10001', 'P'),
(102306547, 'DILLA ZULVA FAUZIAH', 'A10001', 'P'),
(102306548, 'EGI NUGRAHA', 'A10001', 'L'),
(102306549, 'FAJAR RAMDHANI', 'A10001', 'L'),
(102306550, 'FAUSTINA ELSANTI ARLITA', 'A10001', 'P'),
(102306551, 'GILANG PRIYANTO', 'A10001', 'L'),
(102306552, 'HAFIDZA EKA AZAHRA', 'A10001', 'P'),
(102306553, 'HISYAM YUDHA PRATAMA', 'A10001', 'P'),
(102306554, 'IRESH IRELAND DILA', 'A10001', 'P'),
(102306555, 'KEYSHA TRISA HARTANTO', 'A10001', 'P'),
(102306556, 'KIRANA AZAHRA', 'A10001', 'P'),
(102306557, 'M. IKBAL KAMAJAYA', 'A10001', 'L'),
(102306558, 'MOCHAMAD GIFAR PERMANA', 'A10001', 'L'),
(102306559, 'MUHAMMAD HABIBIE ARINGGA PUTRA', 'A10001', 'L'),
(102306560, 'MUHAMMAD MAULANA ISTIKOMAH', 'A10001', 'L'),
(102306561, 'MUHAMMAD NAELUL FATHUL WAFIQ', 'A10001', 'L'),
(102306562, 'MUHAMMAD NAJIB AKBAR', 'A10001', 'L'),
(102306563, 'MUHAMMAD RIZKI FAKHRUROJI', 'A10001', 'L'),
(102306564, 'MUHAMMAD ROJA ADLIANSYAH', 'A10001', 'L'),
(102306565, 'MUIZ YADIANSAH', 'A10001', 'L'),
(102306566, 'NABILLA RENIA FITRIANI', 'A10001', 'P'),
(102306567, 'NADIA TALITHA YUNIANISA', 'A10001', 'P'),
(102306568, 'NAZWA SALSABILA NOOR SYFA SYAH', 'A10001', 'P'),
(102306569, 'NENDAH SAYYIDATI MUFLIHAH', 'A10001', 'P'),
(102306570, 'NOORAINI', 'A10001', 'P'),
(102306571, 'RAFA PASHA ANDRIAN', 'A10001', 'L'),
(102306572, 'RAZFY ALKALIFY PUTRA', 'A10001', 'L'),
(102306573, 'RIDHA FEBRIYANTI', 'A10001', 'P'),
(102306574, 'RIDWAN MAULANA', 'A10001', 'L'),
(102306575, 'ROBI JANUAR WIJAYA', 'A10001', 'L'),
(102306576, 'SYAMIKA HAUNA', 'A10001', 'P'),
(102306577, 'AISYAH ADYA SYIFA', 'A10002', 'P'),
(102306578, 'ALFARIZI DWI FEBRIANA SUHENDI', 'A10002', 'L'),
(102306579, 'ALYSSA SALSABILA NUR LUBIS', 'A10002', 'P'),
(102306580, 'ANGGUN PERMATASARI', 'A10002', 'P'),
(102306581, 'BILQIS SITI MEDINA', 'A10002', 'P'),
(102306582, 'CAHYA ANINDYA SETYAWAN', 'A10002', 'P'),
(102306583, 'CHANTIKA RAMADHANY', 'A10002', 'P'),
(102306584, 'DAVA FADLIAN', 'A10002', 'L'),
(102306585, 'DAVINA PUTRI AZALIA', 'A10002', 'P'),
(102306586, 'DESHIVA AGNELIA ZAHRATU SITA', 'A10002', 'P'),
(102306587, 'FAHRI AMRU SUTEJO', 'A10002', 'L'),
(102306588, 'FLIRA OLIVIA ZENIFA', 'A10002', 'P'),
(102306589, 'GANYUVI SEKAR AULIA', 'A10002', 'P'),
(102306590, 'HILMY RAIF', 'A10002', 'L'),
(102306591, 'INDAH NUR RAMADANI', 'A10002', 'P'),
(102306592, 'IRZI RIZKY GUNAWAN', 'A10002', 'L'),
(102306593, 'IYAS SAPUTRA', 'A10002', 'L'),
(102306594, 'JUVENTYO SULESTYA PUTRA', 'A10002', 'L'),
(102306595, 'MIZZLE SANSIRO NUR\'ALAWI', 'A10002', 'L'),
(102306596, 'MUHAMAD FEBRIALDY AWALUL NURDIN', 'A10002', 'L'),
(102306597, 'MUHAMAD RIFAL ALAMSYAH', 'A10002', 'L'),
(102306598, 'MUHAMAD ZAKI FADILAH', 'A10002', 'L'),
(102306599, 'MUHAMMAD MEISA FIKRIANSYAH PRIATNA', 'A10002', 'L'),
(102306600, 'MUHAMMAD RIFQI PUTRA NUGRAHA', 'A10002', 'L'),
(102306601, 'MUHAMMAD SYAFIQ PUTRA', 'A10002', 'L'),
(102306602, 'RAISYA NASYWA IHSANI', 'A10002', 'P'),
(102306603, 'RAMA OKTAVIAN', 'A10002', 'L'),
(102306604, 'REBY VIELLA ROHANI', 'A10002', 'P'),
(102306605, 'REVA HASNA KHALIDA', 'A10002', 'P'),
(102306606, 'RISQI GUNAWAN', 'A10002', 'L'),
(102306607, 'SHAHNAZ AZELIA NAIRA MALLIKA', 'A10002', 'P'),
(102306608, 'SHERIL ANANDA PUTRI', 'A10002', 'P'),
(102306609, 'SITI NUR VANEISYA', 'A10002', 'P'),
(102306610, 'ZAENAL', 'A10002', 'L'),
(102306611, 'ZAHRA KHAIRUNNISA', 'A10002', 'P'),
(102306612, 'ZHILDA RISTY', 'A10002', 'P'),
(102306613, 'ALFA KHALIQ HIDAYAT', 'K10001', 'L'),
(102306614, 'ANGGITA RAHMANI', 'K10001', 'P'),
(102306615, 'ANNISA PRAHESWARI RAMADHANI', 'K10001', 'P'),
(102306616, 'AQILAH ZULFANIE DHIYA\'ULHAQ', 'K10001', 'P'),
(102306617, 'ARYA PUTRA MAHARDIKA', 'K10001', 'L'),
(102306618, 'CEFIRA KANIA WARSITA', 'K10001', 'P'),
(102306619, 'CINTA MEYSHILLA ALQIRA KASIH', 'K10001', 'P'),
(102306620, 'DEANA AURELLIA', 'K10001', 'P'),
(102306621, 'DEWI DESTRIYANI', 'K10001', 'P'),
(102306622, 'DIO PRASETYO WIBOWO', 'K10001', 'L'),
(102306623, 'FABIANO ANDHIKA ABIMANYU', 'K10001', 'L'),
(102306624, 'FADELIA AROFAH', 'K10001', 'P'),
(102306625, 'FARID FIRMANSYAH', 'K10001', 'L'),
(102306626, 'FERDIAN HERLINGGA', 'K10001', 'L'),
(102306627, 'HALVY SETIAWAN', 'K10001', 'L'),
(102306628, 'HAYKAL DZAR AL GHIFARI RACHMAN', 'K10001', 'L'),
(102306629, 'INDAH KENISA KUMALA', 'K10001', 'P'),
(102306630, 'KAYLA ANISHA FITRY', 'K10001', 'P'),
(102306631, 'KOMARUDIN', 'K10001', 'L'),
(102306632, 'MEIVI NIRMALA', 'K10001', 'P'),
(102306633, 'MOCH. WISNU PUTRA APRILIANSYAH', 'K10001', 'L'),
(102306634, 'MOCHAMMAD BAGUS CAHYADI', 'K10001', 'L'),
(102306635, 'MUHAMAD RAFLI FADILLAH', 'K10001', 'L'),
(102306636, 'MUHAMMAD FIRMAN SEPTIANSYAH', 'K10001', 'L'),
(102306637, 'MUHAMMAD ZALFA FAIRUS GHOLI', 'K10001', 'L'),
(102306638, 'NAZMA SILVIANA AZZAHRA', 'K10001', 'P'),
(102306639, 'NOVITA MARPAUNG', 'K10001', 'P'),
(102306640, 'RAISHA RAJWA STAABITAH', 'K10001', 'P'),
(102306641, 'RIZKI NUGRAHA PUTRA PRATAMA', 'K10001', 'L'),
(102306642, 'SALWA PUTRI ROSADI', 'K10001', 'P'),
(102306643, 'SHIHAN PRATAMA IRYADI', 'K10001', 'L'),
(102306644, 'SISKA RESTIANI', 'K10001', 'P'),
(102306645, 'TSALITSA SYIFA AFIFA', 'K10001', 'P'),
(102306646, 'WANDA ARSYIFA ELINDA HILDANIA', 'K10001', 'P'),
(102306647, 'YOAN NUNA ANDREA DINAN', 'K10001', 'P'),
(102306648, 'ALIFA NUR\'AINI RASTY', 'K10002', 'P'),
(102306649, 'ANDIN ARIANE AZZAHRA', 'K10002', 'P'),
(102306650, 'ANGGA SATRIA ERLANGGA', 'K10002', 'L'),
(102306651, 'ANGGIA NABILAH SYAHLA', 'K10002', 'P'),
(102306652, 'BAYU BRAMA SATRIA', 'K10002', 'L'),
(102306653, 'CELITA AZURA CINTANI PUTRI', 'K10002', 'P'),
(102306654, 'DANI IRFAL MAULANA', 'K10002', 'L'),
(102306655, 'DAYFA SALMA NAFISAH', 'K10002', 'P'),
(102306656, 'FARID ALMUNAZAR', 'K10002', 'L'),
(102306657, 'FITRI FADILA OKTAVIANI', 'K10002', 'P'),
(102306658, 'KAMILIA FIRLIYANI', 'K10002', 'P'),
(102306659, 'LAURA DWI RAMADHANI', 'K10002', 'P'),
(102306660, 'LIA DJULIANTI', 'K10002', 'P'),
(102306661, 'M GALANG ALVIANO', 'K10002', 'L'),
(102306662, 'MOHAMAD AFRIZAL', 'K10002', 'L'),
(102306663, 'MUCHYIN SAEFUL ANWAR', 'K10002', 'L'),
(102306664, 'MUHAMAD NAZRIEL ALIF HILMY SOMANTRI', 'K10002', 'L'),
(102306665, 'MUHAMAD RAMDAN', 'K10002', 'L'),
(102306666, 'MUHAMMAD ARDIANSYAH', 'K10002', 'L'),
(102306667, 'NAZWA KHAIRUNNISA', 'K10002', 'P'),
(102306668, 'RAIHANNAH ALANDIA ANGESTI', 'K10002', 'P'),
(102306669, 'REFAN FADHILAH PUTRA', 'K10002', 'L'),
(102306670, 'RISKA SINTIA ARTA', 'K10002', 'P'),
(102306671, 'RIYAN NUR FADILAH', 'K10002', 'L'),
(102306672, 'ROSDELLA DEWI', 'K10002', 'P'),
(102306673, 'SALWA FAUZIA', 'K10002', 'P'),
(102306674, 'SENJA MAHESA SURYA', 'K10002', 'L'),
(102306675, 'SERLY SYA\'RIFA HANDAYANI', 'K10002', 'P'),
(102306676, 'SITI SALSALIAH NURUL FADHILAH', 'K10002', 'P'),
(102306677, 'SURYA AL FATAH', 'K10002', 'L'),
(102306678, 'TAUFIA ANNASTI', 'K10002', 'P'),
(102306679, 'WIDI ANJANI', 'K10002', 'P'),
(102306680, 'WILDAN MAULANA FAHREZI', 'K10002', 'L'),
(102306681, 'WINA NOVA YANTI', 'K10002', 'P'),
(102306682, 'YOGA DWI NOVIANDRI PERMANA', 'K10002', 'L'),
(102306683, 'ZIYANI NUR ANDANI', 'K10002', 'P'),
(102306684, 'ADINDA KEZIA AGUSTINA', 'K10003', 'P'),
(102306685, 'AHMAD IRFAN NURDIN', 'K10003', 'L'),
(102306686, 'ANINDYA KALISHA', 'K10003', 'P'),
(102306687, 'ASTY SUKUR LESTARI', 'K10003', 'P'),
(102306688, 'AZMI MEIKA', 'K10003', 'P'),
(102306689, 'BILQIS KHAIRUNNISA', 'K10003', 'P'),
(102306690, 'CARISSA ANDINI FITRIYAH', 'K10003', 'P'),
(102306691, 'DIVO ALVINO', 'K10003', 'L'),
(102306692, 'FADHILAH PASHA RASIBY AL HIKAM', 'K10003', 'L'),
(102306693, 'FAUJAN KHAIRUDIN', 'K10003', 'L'),
(102306694, 'FAWWAZ ZAIDAN SYAKIB', 'K10003', 'L'),
(102306695, 'FITRAH RAMADHAN', 'K10003', 'L'),
(102306696, 'KIKIT FATIMATUL AZKIA', 'K10003', 'P'),
(102306697, 'KRISTIA LISA NOVIANA', 'K10003', 'P'),
(102306698, 'M GIANT OCTA P', 'K10003', 'L'),
(102306699, 'MUHAMMAD EIZELL', 'K10003', 'L'),
(102306700, 'MUHAMMAD FADLAN AL HABSY', 'K10003', 'L'),
(102306701, 'MUHAMMAD HAFIDZ IBRAHIM', 'K10003', 'L'),
(102306702, 'MUHAMMAD HAIRAN YUSRAN', 'K10003', 'L'),
(102306703, 'MUHAMMAD RIZKI', 'K10003', 'L'),
(102306704, 'NABILA NUUR SUPRIYADI', 'K10003', 'P'),
(102306705, 'NAUFAL SEPTIAN RAMADHAN', 'K10003', 'L'),
(102306706, 'NIKEN CHIQUITA', 'K10003', 'P'),
(102306707, 'RESTU PUSPITASARI', 'K10003', 'P'),
(102306708, 'REVA NURANJANI PUTRI', 'K10003', 'P'),
(102306709, 'RIDHO MAULANA', 'K10003', 'L'),
(102306710, 'RISKA ZAHRA DESTIANTI', 'K10003', 'P'),
(102306711, 'SAHNAZ INDAH JULVIANA', 'K10003', 'P'),
(102306712, 'SERLINA PUTRI AVRILLIANTI', 'K10003', 'P'),
(102306713, 'SHELA AGUSTIN', 'K10003', 'P'),
(102306714, 'SITI NURHAYATI', 'K10003', 'P'),
(102306715, 'SRI WANDA', 'K10003', 'P'),
(102306716, 'YOGA DARMAWAN', 'K10003', 'L'),
(102306717, 'ZAHRA RAHMATUNISA', 'K10003', 'P'),
(102306718, 'ZULFIKAR FIRMANSYAH', 'K10003', 'L'),
(102306719, 'ADE NUROKHMAN', 'T10001', 'L'),
(102306720, 'ALDI SEPTA MAULANA', 'T10001', 'L'),
(102306721, 'ANAS BUKHORI', 'T10001', 'L'),
(102306722, 'ATALLAH LUTHFI HERMAWAN', 'T10001', 'L'),
(102306723, 'BASTIANA LUKMAN', 'T10001', 'L'),
(102306724, 'DAFIT HERMAWAN', 'T10001', 'L'),
(102306725, 'DWI PRASETYO RAHMAWAN', 'T10001', 'L'),
(102306726, 'ERLANGGA PERMANA PUTRA', 'T10001', 'L'),
(102306727, 'FARHAN MUHAMMAD ALFUADI', 'T10001', 'L'),
(102306728, 'HARY ALANSYAH PRATAMA', 'T10001', 'L'),
(102306729, 'INDRA', 'T10001', 'L'),
(102306730, 'IRSYAD HAWARI', 'T10001', 'L'),
(102306731, 'M KEVIN HARISA', 'T10001', 'L'),
(102306732, 'M. MARVEL FIRANSYAH', 'T10001', 'L'),
(102306733, 'MOCHAMAD RAISAN FAHRI', 'T10001', 'L'),
(102306734, 'MOHAMAD RIO RAMADHAN', 'T10001', 'L'),
(102306735, 'MOHAMMAD RAFIF ABYAZHA', 'T10001', 'L'),
(102306736, 'MUHAMMAD ASEP KOMARUDIN', 'T10001', 'L'),
(102306737, 'MUHAMAD IKHSAN RAMADHAN', 'T10001', 'L'),
(102306738, 'MUHAMAD SANY RAMDANI', 'T10001', 'L'),
(102306739, 'MUHAMMAD ARGYA ANNAN', 'T10001', 'L'),
(102306740, 'MUHAMMAD DZAKI MUZHAFFAR', 'T10001', 'L'),
(102306741, 'MUHAMMAD JEANDRA ADIARY MAHRAN', 'T10001', 'L'),
(102306742, 'MUHAMMAD NABIL FADHILA', 'T10001', 'L'),
(102306743, 'MUHAMMAD ZAINI ALMADANI', 'T10001', 'L'),
(102306744, 'NAUFAL NABILANIBRAS NASHIRUDDIN', 'T10001', 'L'),
(102306745, 'RAFI ARYAPUTRA PRATAMA', 'T10001', 'L'),
(102306746, 'RASYA RIZKI USMAN PRATAMA', 'T10001', 'L'),
(102306747, 'RAVY ERIAWAN', 'T10001', 'L'),
(102306748, 'RIFAT AFRIZAL', 'T10001', 'L'),
(102306749, 'RIZKI ZAELANI', 'T10001', 'L'),
(102306750, 'SEPTIYAN NUR KAHFI', 'T10001', 'L'),
(102306751, 'STRIYCKY DECKA ABDI NUGRAHA', 'T10001', 'L'),
(102306752, 'YUSUP SUPRIANSAH', 'T10001', 'L'),
(102306753, 'ZUANDITRA PUTRA PRATAMA', 'T10001', 'L'),
(102306754, 'AGUNG BUDIMAN', 'T10002', 'L'),
(102306755, 'AKBAR ANGGARA', 'T10002', 'L'),
(102306756, 'AL ZAFRAN EEZRA IRAWAN', 'T10002', 'L'),
(102306757, 'ALVIAN AKBAR FADHILLAH', 'T10002', 'L'),
(102306758, 'ASEP KURNIAWAN', 'T10002', 'L'),
(102306759, 'AZIS MEIZAN MAULANA', 'T10002', 'L'),
(102306760, 'DAFFA AQILAH HARLIANSYAH', 'T10002', 'L'),
(102306761, 'ESTU SAPUTRA', 'T10002', 'L'),
(102306762, 'FABIAN MANOPPO', 'T10002', 'L'),
(102306763, 'GHOFAR MULIA NOVALDY', 'T10002', 'L'),
(102306764, 'HELMI KUSUMAH', 'T10002', 'L'),
(102306765, 'HILMI FAUZAN', 'T10002', 'L'),
(102306766, 'IBEL NOORIHZAN NABABIL', 'T10002', 'L'),
(102306767, 'JUAN BAGASKARA', 'T10002', 'L'),
(102306768, 'KEMAL PASHA ABDIGUNA', 'T10002', 'L'),
(102306769, 'MAULANA YUSUF IBRAHIM', 'T10002', 'L'),
(102306770, 'MUHAMAD IKHSAN TRYANA', 'T10002', 'L'),
(102306771, 'MUHAMAD MAULANA', 'T10002', 'L'),
(102306772, 'MUHAMAD REZZA OCTAFYAN SOLIHIN', 'T10002', 'L'),
(102306773, 'MUHAMAD RIDWAN', 'T10002', 'L'),
(102306774, 'MUHAMMAD ALBANI', 'T10002', 'L'),
(102306775, 'MUHAMMAD ALIMAN NURMANSYAH', 'T10002', 'L'),
(102306776, 'MUHAMMAD AZMI AL GHIFARI', 'T10002', 'L'),
(102306777, 'MUHAMMAD RASYA RAMADHAN', 'T10002', 'L'),
(102306778, 'MUHAMMAD RIDWAN SAPUTRA', 'T10002', 'L'),
(102306779, 'NANDA SURYA PAMUNGKAS', 'T10002', 'L'),
(102306780, 'NOVAL FIRMANSYAH', 'T10002', 'L'),
(102306781, 'RAFY SENA PRIANDA', 'T10002', 'L'),
(102306782, 'RAKA IKHWAN FAUZAN', 'T10002', 'L'),
(102306783, 'REFAN ALDIAN HILMAWAN', 'T10002', 'L'),
(102306784, 'REVAN NUGRAHA', 'T10002', 'L'),
(102306785, 'RIDHO ADYTIA FEBRIYAN', 'T10002', 'L'),
(102306786, 'SINGGIH KUKUH RAMADHAN PUTRA', 'T10002', 'L'),
(102306787, 'SURYA ADI GUNA', 'T10002', 'L'),
(102306788, 'YANDI NUGRAHA', 'T10002', 'L'),
(102306789, 'ZULFIKRI NURRAKHMAN', 'T10002', 'L'),
(102306790, 'ABRAHAM DEVANANDA KEMBUAN', 'E10001', 'L'),
(102306791, 'AHMAD ARDIYANSYAH', 'E10001', 'L'),
(102306792, 'ALDY WIBAWA', 'E10001', 'L'),
(102306793, 'ALLNO MARVELINNO', 'E10001', 'L'),
(102306794, 'ARSYAD IBNU AZZAM', 'E10001', 'L'),
(102306795, 'AZRIEL NOVARIYANTO', 'E10001', 'L'),
(102306796, 'BANU RAHMAT ESTIAWAN', 'E10001', 'L'),
(102306797, 'DAFFA FAUZAN NUR MUHFADAL', 'E10001', 'L'),
(102306798, 'DAVA RIZKITA MAULANA', 'E10001', 'L'),
(102306799, 'DENNYS RIVALDI', 'E10001', 'L'),
(102306800, 'FAHMI MUHAMAD RIZKI', 'E10001', 'L'),
(102306801, 'FAREL REYVA WIDJAYA', 'E10001', 'L'),
(102306802, 'FATAR FRISTIANDI PUTRA', 'E10001', 'L'),
(102306803, 'FAUZAN HERDIYANTO', 'E10001', 'L'),
(102306804, 'FELIX FEIVEL SAPUTRA', 'E10001', 'L'),
(102306805, 'FENO RIZKI ARROSYID', 'E10001', 'L'),
(102306806, 'GABRIELA ACCENTHIZ PRISTINE', 'E10001', 'P'),
(102306807, 'GILBRAN AKHBAR', 'E10001', 'L'),
(102306808, 'HANIDA AULIA', 'E10001', 'P'),
(102306809, 'HILMAN NUGRAHA', 'E10001', 'L'),
(102306810, 'IKHSAN MALIKUL MULKI', 'E10001', 'L'),
(102306811, 'INDRA MAULANA YUSUP', 'E10001', 'L'),
(102306812, 'KAHFI HAZEEM SUDIBYO', 'E10001', 'L'),
(102306813, 'MOHAMMAD HILMI BARRUL MULKI', 'E10001', 'L'),
(102306814, 'MUCHAMAD TAUFIK GUSTINA', 'E10001', 'L'),
(102306815, 'MUHAMAD ILHAM ROMADHONA', 'E10001', 'L');
INSERT INTO `siswa` (`nis`, `nama`, `id_kelas`, `jk`) VALUES
(102306816, 'MUHAMMAD FAREL', 'E10001', 'L'),
(102306817, 'MUHAMMAD RIZAL SYARIFUDIN', 'E10001', 'L'),
(102306818, 'MUHAMMAD RIZKY FADHILLAH', 'E10001', 'L'),
(102306819, 'NAZRIELYAN AFRIZA', 'E10001', 'L'),
(102306820, 'NOVITA DEWI LESTARI', 'E10001', 'P'),
(102306821, 'RAFID ILHAM ALGHIFARI', 'E10001', 'L'),
(102306822, 'RAHMAT ANDANI', 'E10001', 'L'),
(102306823, 'RAIHAN FIRJATULLAH PRAYOGA', 'E10001', 'L'),
(102306824, 'REIFAN SEPTIAN RAMADHAN', 'E10001', 'L'),
(102306825, 'UMMU KULTSUM', 'E10001', 'P'),
(102306826, 'AFDHAL RAMADHAN', 'E10002', 'L'),
(102306827, 'AHMAD DIMAS SUSANTO', 'E10002', 'L'),
(102306828, 'ANDRYAN MAULANA', 'E10002', 'L'),
(102306829, 'AQMAL KRISTIANDI NOOR FU\'ADI', 'E10002', 'L'),
(102306830, 'ARTHUR FEBRIAN', 'E10002', 'L'),
(102306831, 'ARYA YUDHA ZEIN', 'E10002', 'L'),
(102306832, 'CHELSEA ALYSHA PUTRI', 'E10002', 'P'),
(102306833, 'DEDE ROBILY', 'E10002', 'L'),
(102306834, 'FAIZAL AHMAD ABDULLOH', 'E10002', 'L'),
(102306835, 'FARIDZ ZULFIKAR RAHMAT', 'E10002', 'L'),
(102306836, 'IRHAM ALI YUSRAN', 'E10002', 'L'),
(102306837, 'LUCKY ZEPTA PRADANA', 'E10002', 'L'),
(102306838, 'M. FAIZ ALFARITSI', 'E10002', 'L'),
(102306839, 'MOCHAMAD RIZKI AL GHIFARI', 'E10002', 'L'),
(102306840, 'MUHAMMAD ADRIANSYAH SOEMAMPOUW', 'E10002', 'L'),
(102306841, 'MUHAMMAD FADLAN SAPUTRA', 'E10002', 'L'),
(102306842, 'NABIL PRATAMA', 'E10002', 'L'),
(102306843, 'NOUVAL RIZKY DARMAWAN', 'E10002', 'L'),
(102306844, 'PARLIN GOMAN', 'E10002', 'L'),
(102306845, 'PRAKAS BAYU SATRIAWAN', 'E10002', 'L'),
(102306846, 'RAEHAN RAMADANI', 'E10002', 'L'),
(102306847, 'RAFFI FATHURRAHMAN SABANDAR', 'E10002', 'L'),
(102306848, 'RAIHAN NAZWAR NUR ROHMAN', 'E10002', 'L'),
(102306849, 'RAIHAN ZACKI FIRDAUS               ', 'E10002', 'L'),
(102306850, 'RAISYA NUR SALLIMAH', 'E10002', 'P'),
(102306851, 'RAYSHA ALZORA PRATAMA', 'E10002', 'L'),
(102306852, 'RAZZAN ALFATH', 'E10002', 'L'),
(102306853, 'REASOA, DARREN RAFAEL ALBBY', 'E10002', 'L'),
(102306854, 'RISQU MUZAKI', 'E10002', 'L'),
(102306855, 'RIZKY DWI PRASETYA', 'E10002', 'L'),
(102306856, 'RULLY AGUSTIAN', 'E10002', 'L'),
(102306857, 'SAHRUL RAMDANI', 'E10002', 'L'),
(102306858, 'TANTAN FERDIANSYAH', 'E10002', 'L'),
(102306859, 'VANDRA SATRIA ADIL PERKASA', 'E10002', 'L'),
(102306860, 'ZAHWA KARISMA PUTRI', 'E10002', 'P'),
(102306861, 'ZEFANYA MARCHELLINO', 'E10002', 'L'),
(102306862, 'ABDUL NURGANI', 'E10003', 'L'),
(102306863, 'ADHITYA ANUGRAH PRATAMA', 'E10003', 'L'),
(102306864, 'ADLY RIZKY RANAHARDANA', 'E10003', 'L'),
(102306865, 'AGUS CANDRA GUNAWAN', 'E10003', 'L'),
(102306866, 'AKMAL HAFIZH EFENDI', 'E10003', 'L'),
(102306867, 'ANDIKA PUTRA PANGESTU', 'E10003', 'L'),
(102306868, 'ARIF MAHARDIKA SUDRAJAT', 'E10003', 'L'),
(102306869, 'ARKAN  DHIYA SETIAWAN', 'E10003', 'L'),
(102306870, 'AUDREY JOY PRATAMA PUTRA', 'E10003', 'L'),
(102306871, 'DAFFA ANUGRAH PUTRA', 'E10003', 'L'),
(102306872, 'DAMAR ARDIANSYAH', 'E10003', 'L'),
(102306873, 'DEDEN TAUFIK', 'E10003', 'L'),
(102306874, 'FATHAN AL FAIRUS', 'E10003', 'L'),
(102306875, 'FIKRI FAHREZI', 'E10003', 'L'),
(102306876, 'GANZAR ISMAIL', 'E10003', 'L'),
(102306877, 'HAFIDH APTA HIDAYATULLAH', 'E10003', 'L'),
(102306878, 'HANIFAH RAMADHANI', 'E10003', 'P'),
(102306879, 'IHSAN NUR AZIZ', 'E10003', 'L'),
(102306880, 'INDRI', 'E10003', 'L'),
(102306881, 'KIKI SOFYAN', 'E10003', 'L'),
(102306882, 'M RIZQI NUR ARIF', 'E10003', 'L'),
(102306883, 'MUHAMAD ILHAM RAMADHANI', 'E10003', 'L'),
(102306884, 'MUHAMAD RAIHAN MAULANA', 'E10003', 'L'),
(102306885, 'MUHAMMAD FIKRI ARRASYID', 'E10003', 'L'),
(102306886, 'MUHAMMAD IRSYAD NUGRAHA', 'E10003', 'L'),
(102306887, 'MUHAMMAD ZAQI ARRAFI SAJID', 'E10003', 'L'),
(102306888, 'NARENDRA GANANGSYAH', 'E10003', 'L'),
(102306889, 'NERA SABRIYA SYAWAL', 'E10003', 'L'),
(102306890, 'RAMADHANI SURYA SAPUTRA', 'E10003', 'L'),
(102306891, 'REVAN ALVIANA', 'E10003', 'L'),
(102306892, 'RIZKI ZULIAN', 'E10003', 'L'),
(102306893, 'ROFI ILHAM NUR HERIANSYAH', 'E10003', 'L'),
(102306894, 'SALSABILA RAHMADANI EFENDI', 'E10003', 'P'),
(102306895, 'WILDAN AL-GHIFFARI SYARIFUDIN', 'E10003', 'L'),
(102306896, 'ZAIN MUHHAMAD HUSAIN', 'E10003', 'L'),
(102306897, 'ZAIVA JULVIQAAR', 'E10003', 'L'),
(102306898, 'AHMAD AS SETIAWAN SAEPULLOH', 'E10004', 'L'),
(102306899, 'ALDI SETIADI', 'E10004', 'L'),
(102306900, 'ALTHAF ARYAPUTRA', 'E10004', 'L'),
(102306901, 'ANDHIKA PRDANA', 'E10004', 'L'),
(102306902, 'ANDREAN FEDRIKO NAINGGOLAN', 'E10004', 'L'),
(102306903, 'ARGA SYAHPUTRA', 'E10004', 'L'),
(102306904, 'ATTAR OCKTA ARDIANSYAH', 'E10004', 'L'),
(102306905, 'AZRIL ISLAMI PASYAH', 'E10004', 'L'),
(102306906, 'CICA NOVIANTI', 'E10004', 'P'),
(102306907, 'DAVIN ALBRIAN IHSAN', 'E10004', 'L'),
(102306908, 'DEMBI RAKA PUTRA', 'E10004', 'L'),
(102306909, 'DEVAN ACHMAD DEWANGGARA', 'E10004', 'L'),
(102306910, 'DIMAS RESTU PRATAMA', 'E10004', 'L'),
(102306911, 'EQI MUHAMMAD IQBAL', 'E10004', 'L'),
(102306912, 'FAJAR MEIWAN ALFANDI', 'E10004', 'L'),
(102306913, 'HABIBI ABDUL MALIK', 'E10004', 'L'),
(102306914, 'INDRA ROHMATULLOH SYAWAL AL GAJALI', 'E10004', 'L'),
(102306915, 'KHOIRUL FIKRI', 'E10004', 'L'),
(102306916, 'KHOIRUL IHSAN WAHYUDIN', 'E10004', 'L'),
(102306917, 'LUTHFIERZA FADHILAH ARJUNA PUTRA', 'E10004', 'L'),
(102306918, 'MUHAMMAD RIFQI FAUZAN', 'E10004', 'L'),
(102306919, 'MUHAMAD ALFATHIR', 'E10004', 'L'),
(102306920, 'MUHAMAD BAGUS FAISAL', 'E10004', 'L'),
(102306921, 'MUHAMAD RAMDANI', 'E10004', 'L'),
(102306922, 'MUHAMAD TAUFIK', 'E10004', 'L'),
(102306923, 'MUHAMMAD SATRIA FEBRIANSYAH', 'E10004', 'L'),
(102306924, 'NAUFAL ZAHRAN                   ', 'E10004', 'L'),
(102306925, 'NENG PUSPA', 'E10004', 'P'),
(102306926, 'RADEN ALKIAN INSAN SATRIA', 'E10004', 'L'),
(102306927, 'RADIT HANS SAPUTRA', 'E10004', 'L'),
(102306928, 'RANGGA DWI PUTRA', 'E10004', 'L'),
(102306929, 'SAKHAA FAIZ MUNAWAR', 'E10004', 'L'),
(102306930, 'SALMAN WALIYUDIN', 'E10004', 'L'),
(102306931, 'SYAUQHI RABBANI', 'E10004', 'L'),
(102306932, 'ZHAYRA SRI RAHAYU LESTARI', 'E10004', 'P');

-- --------------------------------------------------------

--
-- Struktur dari tabel `tb_absen`
--

CREATE TABLE `tb_absen` (
  `id_absen` int(11) NOT NULL,
  `nis` varchar(10) NOT NULL,
  `tanggal` date NOT NULL,
  `kehadiran` varchar(10) NOT NULL,
  `ket` varchar(150) NOT NULL
) ENGINE=InnoDB DEFAULT CHARSET=utf8mb4;

--
-- Dumping data untuk tabel `tb_absen`
--

INSERT INTO `tb_absen` (`id_absen`, `nis`, `tanggal`, `kehadiran`, `ket`) VALUES
(32, '102306363', '2023-09-18', 'H', '-'),
(33, '102306363', '2023-09-19', 'H', '-'),
(34, '102306364', '2023-09-18', 'H', '-'),
(35, '102306364', '2023-09-19', 'H', '-'),
(36, '102306365', '2023-09-18', 'H', '-'),
(37, '102306365', '2023-09-19', 'S', '-'),
(38, '102306366', '2023-09-18', 'S', '-'),
(39, '102306366', '2023-09-19', 'S', '-'),
(40, '102306367', '2023-09-18', 'H', '-'),
(41, '102306367', '2023-09-19', 'S', '-'),
(42, '102306368', '2023-09-18', 'H', '-'),
(43, '102306368', '2023-09-19', 'H', '-'),
(44, '102306369', '2023-09-18', 'H', '-'),
(45, '102306369', '2023-09-19', 'H', '-'),
(46, '102306363', '2024-02-26', 'Ha', ''),
(47, '102306364', '2024-02-26', 'Ha', ''),
(48, '102306365', '2024-02-26', 'Ha', ''),
(49, '102306366', '2024-02-26', 'Ha', ''),
(50, '102306367', '2024-02-26', 'Ha', ''),
(51, '102306368', '2024-02-26', 'Ha', ''),
(52, '102306369', '2024-02-26', 'Ha', ''),
(53, '102306370', '2024-02-26', 'Ha', ''),
(54, '102306371', '2024-02-26', 'Ha', ''),
(55, '102306372', '2024-02-26', 'Ha', ''),
(56, '102306373', '2024-02-26', 'Ha', ''),
(57, '102306374', '2024-02-26', 'Ha', ''),
(58, '102306375', '2024-02-26', 'Ha', ''),
(59, '102306376', '2024-02-26', 'Ha', ''),
(60, '102306377', '2024-02-26', 'Ha', ''),
(61, '102306378', '2024-02-26', 'Ha', ''),
(62, '102306379', '2024-02-26', 'Ha', ''),
(63, '102306380', '2024-02-26', 'Ha', ''),
(64, '102306381', '2024-02-26', 'Ha', ''),
(65, '102306382', '2024-02-26', 'Ha', ''),
(66, '102306383', '2024-02-26', 'Ha', ''),
(67, '102306384', '2024-02-26', 'Ha', ''),
(68, '102306385', '2024-02-26', 'Ha', ''),
(69, '102306386', '2024-02-26', 'Ha', ''),
(70, '102306387', '2024-02-26', 'Ha', ''),
(71, '102306388', '2024-02-26', 'Ha', ''),
(72, '102306389', '2024-02-26', 'Ha', ''),
(73, '102306390', '2024-02-26', 'Ha', ''),
(74, '102306391', '2024-02-26', 'Ha', ''),
(75, '102306392', '2024-02-26', 'Ha', ''),
(76, '102306393', '2024-02-26', 'Ha', ''),
(77, '102306394', '2024-02-26', 'Ha', ''),
(78, '102306395', '2024-02-26', 'Ha', ''),
(79, '102306396', '2024-02-26', 'Ha', ''),
(80, '102306397', '2024-02-26', 'Ha', ''),
(81, '102306398', '2024-02-26', 'Ha', ''),
(82, '102306363', '2024-02-26', 'Ha', ''),
(83, '102306364', '2024-02-26', 'Ha', ''),
(84, '102306365', '2024-02-26', 'Ha', ''),
(85, '102306366', '2024-02-26', 'Ha', ''),
(86, '102306367', '2024-02-26', 'Ha', ''),
(87, '102306368', '2024-02-26', 'Ha', ''),
(88, '102306369', '2024-02-26', 'Ha', ''),
(89, '102306370', '2024-02-26', 'Ha', ''),
(90, '102306371', '2024-02-26', 'Ha', ''),
(91, '102306372', '2024-02-26', 'Ha', ''),
(92, '102306373', '2024-02-26', 'Ha', ''),
(93, '102306374', '2024-02-26', 'Ha', ''),
(94, '102306375', '2024-02-26', 'Ha', ''),
(95, '102306376', '2024-02-26', 'Ha', ''),
(96, '102306377', '2024-02-26', 'Ha', ''),
(97, '102306378', '2024-02-26', 'Ha', ''),
(98, '102306379', '2024-02-26', 'Ha', ''),
(99, '102306380', '2024-02-26', 'Ha', ''),
(100, '102306381', '2024-02-26', 'Ha', ''),
(101, '102306382', '2024-02-26', 'Ha', ''),
(102, '102306383', '2024-02-26', 'Ha', ''),
(103, '102306384', '2024-02-26', 'Ha', ''),
(104, '102306385', '2024-02-26', 'Ha', ''),
(105, '102306386', '2024-02-26', 'Ha', ''),
(106, '102306387', '2024-02-26', 'Ha', ''),
(107, '102306388', '2024-02-26', 'Ha', ''),
(108, '102306389', '2024-02-26', 'Ha', ''),
(109, '102306390', '2024-02-26', 'Ha', ''),
(110, '102306391', '2024-02-26', 'Ha', ''),
(111, '102306392', '2024-02-26', 'Ha', ''),
(112, '102306393', '2024-02-26', 'Ha', ''),
(113, '102306394', '2024-02-26', 'Ha', ''),
(114, '102306395', '2024-02-26', 'Ha', ''),
(115, '102306396', '2024-02-26', 'Ha', ''),
(116, '102306397', '2024-02-26', 'Ha', ''),
(117, '102306398', '2024-02-26', 'Ha', ''),
(118, '102306363', '2024-02-26', 'Ha', ''),
(119, '102306364', '2024-02-26', 'Ha', ''),
(120, '102306365', '2024-02-26', 'Ha', ''),
(121, '102306366', '2024-02-26', 'Ha', ''),
(122, '102306367', '2024-02-26', 'Ha', ''),
(123, '102306368', '2024-02-26', 'Ha', ''),
(124, '102306369', '2024-02-26', 'Ha', ''),
(125, '102306370', '2024-02-26', 'Ha', ''),
(126, '102306371', '2024-02-26', 'Ha', ''),
(127, '102306372', '2024-02-26', 'Ha', ''),
(128, '102306373', '2024-02-26', 'Ha', ''),
(129, '102306374', '2024-02-26', 'Ha', ''),
(130, '102306375', '2024-02-26', 'Ha', ''),
(131, '102306376', '2024-02-26', 'Ha', ''),
(132, '102306377', '2024-02-26', 'Ha', ''),
(133, '102306378', '2024-02-26', 'Ha', ''),
(134, '102306379', '2024-02-26', 'Ha', ''),
(135, '102306380', '2024-02-26', 'Ha', ''),
(136, '102306381', '2024-02-26', 'Ha', ''),
(137, '102306382', '2024-02-26', 'Ha', ''),
(138, '102306383', '2024-02-26', 'Ha', ''),
(139, '102306384', '2024-02-26', 'Ha', ''),
(140, '102306385', '2024-02-26', 'Ha', ''),
(141, '102306386', '2024-02-26', 'Ha', ''),
(142, '102306387', '2024-02-26', 'Ha', ''),
(143, '102306388', '2024-02-26', 'Ha', ''),
(144, '102306389', '2024-02-26', 'Ha', ''),
(145, '102306390', '2024-02-26', 'Ha', ''),
(146, '102306391', '2024-02-26', 'Ha', ''),
(147, '102306392', '2024-02-26', 'Ha', ''),
(148, '102306393', '2024-02-26', 'Ha', ''),
(149, '102306394', '2024-02-26', 'Ha', ''),
(150, '102306395', '2024-02-26', 'Ha', ''),
(151, '102306396', '2024-02-26', 'Ha', ''),
(152, '102306397', '2024-02-26', 'Ha', ''),
(153, '102306398', '2024-02-26', 'Ha', ''),
(154, '102306363', '2024-02-26', 'Ha', ''),
(155, '102306364', '2024-02-26', 'Ha', ''),
(156, '102306365', '2024-02-26', 'Ha', ''),
(157, '102306366', '2024-02-26', 'Ha', ''),
(158, '102306367', '2024-02-26', 'Ha', ''),
(159, '102306368', '2024-02-26', 'Ha', ''),
(160, '102306369', '2024-02-26', 'Ha', ''),
(161, '102306370', '2024-02-26', 'Ha', ''),
(162, '102306371', '2024-02-26', 'Ha', ''),
(163, '102306372', '2024-02-26', 'Ha', ''),
(164, '102306373', '2024-02-26', 'Ha', ''),
(165, '102306374', '2024-02-26', 'Ha', ''),
(166, '102306375', '2024-02-26', 'Ha', ''),
(167, '102306376', '2024-02-26', 'Ha', ''),
(168, '102306377', '2024-02-26', 'Ha', ''),
(169, '102306378', '2024-02-26', 'Ha', ''),
(170, '102306379', '2024-02-26', 'Ha', ''),
(171, '102306380', '2024-02-26', 'Ha', ''),
(172, '102306381', '2024-02-26', 'Ha', ''),
(173, '102306382', '2024-02-26', 'Ha', ''),
(174, '102306383', '2024-02-26', 'Ha', ''),
(175, '102306384', '2024-02-26', 'Ha', ''),
(176, '102306385', '2024-02-26', 'Ha', ''),
(177, '102306386', '2024-02-26', 'Ha', ''),
(178, '102306387', '2024-02-26', 'Ha', ''),
(179, '102306388', '2024-02-26', 'Ha', ''),
(180, '102306389', '2024-02-26', 'Ha', ''),
(181, '102306390', '2024-02-26', 'Ha', ''),
(182, '102306391', '2024-02-26', 'Ha', ''),
(183, '102306392', '2024-02-26', 'Ha', ''),
(184, '102306393', '2024-02-26', 'Ha', ''),
(185, '102306394', '2024-02-26', 'Ha', ''),
(186, '102306395', '2024-02-26', 'Ha', ''),
(187, '102306396', '2024-02-26', 'Ha', ''),
(188, '102306397', '2024-02-26', 'Ha', ''),
(189, '102306398', '2024-02-26', 'Ha', ''),
(190, '102306363', '2024-02-26', 'Hadir', ''),
(191, '102306364', '2024-02-26', 'Hadir', ''),
(192, '102306365', '2024-02-26', 'Hadir', ''),
(193, '102306366', '2024-02-26', 'Hadir', ''),
(194, '102306367', '2024-02-26', 'Hadir', ''),
(195, '102306368', '2024-02-26', 'Hadir', ''),
(196, '102306369', '2024-02-26', 'Hadir', ''),
(197, '102306370', '2024-02-26', 'Hadir', ''),
(198, '102306371', '2024-02-26', 'Hadir', ''),
(199, '102306372', '2024-02-26', 'Hadir', ''),
(200, '102306373', '2024-02-26', 'Hadir', ''),
(201, '102306374', '2024-02-26', 'Hadir', ''),
(202, '102306375', '2024-02-26', 'Hadir', ''),
(203, '102306376', '2024-02-26', 'Hadir', ''),
(204, '102306377', '2024-02-26', 'Hadir', ''),
(205, '102306378', '2024-02-26', 'Hadir', ''),
(206, '102306379', '2024-02-26', 'Hadir', ''),
(207, '102306380', '2024-02-26', 'Hadir', ''),
(208, '102306381', '2024-02-26', 'Hadir', ''),
(209, '102306382', '2024-02-26', 'Hadir', ''),
(210, '102306383', '2024-02-26', 'Hadir', ''),
(211, '102306384', '2024-02-26', 'Hadir', ''),
(212, '102306385', '2024-02-26', 'Hadir', ''),
(213, '102306386', '2024-02-26', 'Hadir', ''),
(214, '102306387', '2024-02-26', 'Hadir', ''),
(215, '102306388', '2024-02-26', 'Hadir', ''),
(216, '102306389', '2024-02-26', 'Hadir', ''),
(217, '102306390', '2024-02-26', 'Hadir', ''),
(218, '102306391', '2024-02-26', 'Hadir', ''),
(219, '102306392', '2024-02-26', 'Hadir', ''),
(220, '102306393', '2024-02-26', 'Hadir', ''),
(221, '102306394', '2024-02-26', 'Hadir', ''),
(222, '102306395', '2024-02-26', 'Hadir', ''),
(223, '102306396', '2024-02-26', 'Hadir', ''),
(224, '102306397', '2024-02-26', 'Hadir', ''),
(225, '102306398', '2024-02-26', 'Hadir', '');

-- --------------------------------------------------------

--
-- Struktur dari tabel `tb_agenda`
--

CREATE TABLE `tb_agenda` (
  `id_agenda` int(11) NOT NULL,
  `tgl` timestamp NOT NULL DEFAULT current_timestamp() ON UPDATE current_timestamp(),
  `jam_masuk` varchar(50) NOT NULL,
  `jam_selesai` varchar(50) NOT NULL,
  `nip` varchar(18) NOT NULL,
  `id_kelas` varchar(6) NOT NULL,
  `id_mapel` varchar(6) NOT NULL,
  `tugas` enum('Tugas Langsung','Menitipkan Tugas','Tidak Ada Tugas') NOT NULL,
  `materi` varchar(200) NOT NULL,
  `evaluasi` varchar(200) NOT NULL,
  `kehadiran` enum('Hadir','Tidak Hadir','Hanya Hadir Diakhir','Hanya Hadir Diawal') NOT NULL,
  `verifikasi` varchar(50) NOT NULL,
  `comment` text NOT NULL
) ENGINE=InnoDB DEFAULT CHARSET=utf8mb4;

--
-- Dumping data untuk tabel `tb_agenda`
--

INSERT INTO `tb_agenda` (`id_agenda`, `tgl`, `jam_masuk`, `jam_selesai`, `nip`, `id_kelas`, `id_mapel`, `tugas`, `materi`, `evaluasi`, `kehadiran`, `verifikasi`, `comment`) VALUES
(10, '2024-01-23 01:57:18', '07.00', '08.30', '198111032008011005', 'P10001', 'MP1001', 'Menitipkan Tugas', 'asdw', 'dwasd', 'Hanya Hadir Diakhir', 'Belum Verifikasi', ''),
(11, '2024-02-05 02:49:45', '10.55', '11.30', '198111032008011005', 'P10001', 'MP1001', 'Tugas Langsung', 'q4e3', 'qefe', 'Hadir', 'Sudah Verifikasi', 'aman'),
(12, '2024-02-05 04:30:41', '07.00', '10.15', '198111032008011005', 'P10001', 'MP1001', 'Tugas Langsung', 'sdwasd', 'aman', 'Hadir', 'Belum Verifikasi', ''),
(13, '2024-02-05 04:32:24', '10.15', '11.30', '198111032008011006', 'P10001', 'MP1002', 'Menitipkan Tugas', 'dthd', 'ssdge', 'Hanya Hadir Diakhir', 'Belum Verifikasi', '');

-- --------------------------------------------------------

--
-- Struktur dari tabel `tb_agenda_guru`
--

CREATE TABLE `tb_agenda_guru` (
  `id_agenda_guru` int(11) NOT NULL,
  `tgl` varchar(18) NOT NULL,
  `jam_ke` int(11) NOT NULL,
  `nip` varchar(18) NOT NULL,
  `id_kelas` varchar(6) NOT NULL,
  `id_mapel` varchar(6) NOT NULL,
  `materi` varchar(200) NOT NULL,
  `dokumentasi` text NOT NULL,
  `catatan_kejadian` text NOT NULL,
  `kehadiran_guru` varchar(50) NOT NULL
) ENGINE=InnoDB DEFAULT CHARSET=utf8mb4;

--
-- Dumping data untuk tabel `tb_agenda_guru`
--

INSERT INTO `tb_agenda_guru` (`id_agenda_guru`, `tgl`, `jam_ke`, `nip`, `id_kelas`, `id_mapel`, `materi`, `dokumentasi`, `catatan_kejadian`, `kehadiran_guru`) VALUES
(1, '198111032008011005', 1, 'MP1005', 'D10001', 'Hadir', 'VOC', 'dadad', '', ''),
(2, '', 0, '', '', 'Hadir', 'VOC', 'dadad', '', ''),
(3, '', 0, '', '', 'Hadir', 'VOC', 'zxzxzx', '', ''),
(4, '', 0, '', '', 'Hadir', 'VOC8989898', '9090909', '', ''),
(5, '', 0, '', '', 'Tidak ', 'VOC', 'asasas', '', ''),
(6, '', 0, '', '', 'Hadir', 'qqq', 'qq', '', ''),
(7, '', 0, '', '', 'Hadir', 'ssssss', 'adadadadad', '', ''),
(8, '', 0, '', '', 'Hadir', 'qqq', 'cbcdfbgdgd', '', ''),
(9, '2023-12-18 11:10:5', 3, '198111032008011007', 'P10001', 'MP1003', 'gfgdfgfg', 'Screenshot (2).png', 'dqeqeqe', 'Tidak Hadir'),
(10, '2023-12-18 13:50:5', 1, '198111032008011005', 'P10001', 'MP1001', 'gfgdfgfg', 'Screenshot (2).png', 'adsa', 'Hadir'),
(11, '2023-12-19 07:29:5', 2, '198111032008011006', 'P10001', 'MP1002', 'Excel', 'smk2.jpg', 'dasadasasdasdas', 'Hadir');

-- --------------------------------------------------------

--
-- Struktur dari tabel `tb_guru`
--

CREATE TABLE `tb_guru` (
  `nip` varchar(18) NOT NULL,
  `id_mapel` varchar(6) NOT NULL,
  `nama_guru` varchar(100) NOT NULL
) ENGINE=InnoDB DEFAULT CHARSET=utf8mb4;

--
-- Dumping data untuk tabel `tb_guru`
--

INSERT INTO `tb_guru` (`nip`, `id_mapel`, `nama_guru`) VALUES
('198111032008011005', 'MP1032', 'Gugum Gumilar'),
('198111032008011006', 'MP1006', 'Endro Tri Prasetyo'),
('198111032008011007', 'MP1018', 'Eneng sayidah'),
('198111032008011008', 'MP1006', 'Engkus Kusawara'),
('198111032008011009', 'MP1005', 'Agung Apriatna'),
('198111032008011010', 'MP1004', 'ACA'),
('198111032008011011', 'MP1007', 'Adrianty Noorhanif'),
('198111032008011012', 'MP1012', 'Agus Basuki'),
('198111032008011013', 'MP1013', 'Agus M Sopyan'),
('198111032008011014', 'MP1014', 'Andi Garnadi'),
('198111032008011015', 'MP1015', 'Anom Jati Kusumo'),
('198111032008011016', 'MP1015', 'Arum Pertiwi'),
('198111032008011017', 'MP1016', 'Asep Permana'),
('198111032008011018', 'MP1017', 'Asep Sukmana'),
('198111032008011019', 'MP1017', 'Asri Dena Veviani'),
('198111032008011020', 'MP1001', 'Astri Hastriani'),
('198111032008011021', 'MP1018', 'Astri Putri Perdana'),
('198111032008011022', 'MP1019', 'Cristhin Agustin'),
('198111032008011023', 'MP1008', 'Cucu Lasmanawati'),
('198111032008011024', 'MP1020', 'Dadan Mahdan'),
('198111032008011025', 'MP1001', 'Dadan Rosadi'),
('198111032008011026', 'MP1020', 'Daniel Adhi Hutomo'),
('198111032008011027', 'MP1022', 'Dede Pamungkas'),
('198111032008011028', 'MP1010', 'Dedi Suhendar'),
('198111032008011029', 'MP1023', 'Didit Ariadi'),
('198111032008011030', 'MP1025', 'Deden Sumirat'),
('198111032008011031', 'MP1015', 'Durahman'),
('198111032008011032', 'MP1009', 'Dwi Cahyaningsih'),
('198111032008011033', 'MP1026', 'Dwisnaini Adriyos '),
('198111032008011034', 'MP1027', 'Dyah Kusumaningrum'),
('198111032008011035', 'MP1028', 'Edy Santoso'),
('198111032008011036', 'MP1005', 'Erni Anggraeni'),
('198111032008011037', 'MP1029', 'Fajar Heriyanto'),
('198111032008011038', 'MP1030', 'Fajar Bani Fauzan'),
('198111032008011039', 'MP1031', 'Fauzi Nugroho'),
('198111032008011040', 'MP1032', 'Gigin Gantini'),
('198111032008011041', 'MP1002', 'Gina Dwi Septiani'),
('198111032008011042', 'MP1002', 'Hana Susanti'),
('198111032008011043', 'MP1002', 'Hani Handayani'),
('198111032008011044', 'MP1006', 'Heni Hadiati'),
('198111032008011045', 'MP1015', 'Husni Maridiah'),
('198111032008011046', 'MP1001', 'Ima Nurmayati'),
('198111032008011047', 'MP1033', 'Irvan Hilmi'),
('198111032008011048', 'MP1034', 'Ismita Ratnasari'),
('198111032008011049', 'MP1035', 'Iwan Toni Saputro'),
('198111032008011050', 'MP1036', 'Izma Yuliana'),
('198111032008011051', 'MP1037', 'Julisa Irtina'),
('198111032008011052', 'MP1038', 'Kusman Subaja'),
('198111032008011053', 'MP1039', 'Kuswati'),
('198111032008011054', 'MP1004', 'Lilis Susanti'),
('198111032008011055', 'MP1034', 'Mariam Komalawati'),
('198111032008011056', 'MP1015', 'Marsita Dahliani Putri'),
('198111032008011057', 'MP1009', 'Mas Yudi Riksa Kusumah'),
('198111032008011058', 'MP1002', 'Maya Karmila'),
('198111032008011059', 'MP1032', 'Moch Gani Setiawan'),
('198111032008011060', 'MP1015', 'Mutiara Sobariah'),
('198111032008011061', 'MP1008', 'Nandang'),
('198111032008011062', 'MP1009', 'Nani Hasanah'),
('198111032008011063', 'MP1008', 'Neneng Fauziah'),
('198111032008011064', 'MP1043', 'Neneng Isti janiati'),
('198111032008011065', 'MP1002', 'Nunung Lisnawati'),
('198111032008011066', 'MP1011', 'Nurrani Siswanti'),
('198111032008011067', 'MP1044', 'Pradina Diah Aryanti'),
('198111032008011068', 'MP1045', 'Rahmat Santa'),
('198111032008011069', 'MP1046', 'Ramdan Nurhaidir'),
('198111032008011070', 'MP1047', 'Raniutami Widiyanti'),
('198111032008011071', 'MP1005', 'Ratna Isnaeni Tesdy'),
('198111032008011072', 'MP1032', 'Irfan Santika Rahman'),
('198111032008011073', 'MP1038', 'Rulyan Saptadji'),
('198111032008011074', 'MP1048', 'Ridawn Firdaus'),
('198111032008011075', 'MP1051', 'Ridawn Yanuardi'),
('198111032008011076', 'MP1002', 'Ririn Widiarti'),
('198111032008011077', 'MP1024', 'Rohaeni Nur Eli'),
('198111032008011078', 'MP1008', 'Saliman'),
('198111032008011079', 'MP1052', 'Samsudin'),
('198111032008011080', 'MP1022', 'Sandra Irawan'),
('198111032008011081', 'MP1006', 'Setiawan'),
('198111032008011082', 'MP1001', 'Siti Eftafiyana'),
('198111032008011083', 'MP1002', 'Siti Roidah'),
('198111032008011084', 'MP1009', 'Sri Mulyati'),
('198111032008011085', 'MP1030', 'Syaifullah'),
('198111032008011086', 'MP1004', 'Syntia Mahyarani'),
('198111032008011087', 'MP1047', 'Teti Suharti'),
('198111032008011088', 'MP1015', 'Tini Hernawati'),
('198111032008011089', 'MP1024', 'Tuti Murdayani'),
('198111032008011090', 'MP1001', 'Utami Nurhayati'),
('198111032008011091', 'MP1049', 'Wahyu Sumirat Sumardi'),
('198111032008011092', 'MP1020', 'Wisnu Ramdhani'),
('198111032008011093', 'MP1054', 'Yana Cahya Kusumah'),
('198111032008011094', 'MP1024', 'Yayat Ruhyat'),
('198111032008011095', 'MP1055', 'Yayat Sudrajat'),
('198111032008011096', 'MP1056', 'Yudi Wahyudi'),
('198111032008011097', 'MP1015', 'Yudith Rahayu'),
('198111032008011098', 'MP1007', 'Yuliani'),
('198111032008011099', 'MP1008', 'Yulie Yulianti'),
('198111032008011100', 'MP1022', 'Yulius Rudiana'),
('198111032008011101', 'MP1004', 'Yusi Siti Masitoh');

-- --------------------------------------------------------

--
-- Struktur dari tabel `tb_jadwal`
--

CREATE TABLE `tb_jadwal` (
  `id_jadwal` int(11) NOT NULL,
  `id_kelas` varchar(6) NOT NULL,
  `hari` varchar(10) NOT NULL,
  `jam_masuk` varchar(15) NOT NULL,
  `jam_selesai` varchar(15) NOT NULL,
  `nip` varchar(18) NOT NULL,
  `id_mapel` varchar(6) NOT NULL,
  `ruangan` varchar(50) NOT NULL
) ENGINE=InnoDB DEFAULT CHARSET=utf8mb4;

--
-- Dumping data untuk tabel `tb_jadwal`
--

INSERT INTO `tb_jadwal` (`id_jadwal`, `id_kelas`, `hari`, `jam_masuk`, `jam_selesai`, `nip`, `id_mapel`, `ruangan`) VALUES
(12, 'D10001', 'Senin', '08.30', '11.30', '198111032008011083', 'MP1002', 'E5'),
(19, 'A10001', 'Senin', '11.30', '15.00', '198111032008011038', 'MP1030', 'R-B1'),
(20, 'A10001', 'Selasa', '07.00', '10.15', '198111032008011033', 'MP1026', 'R-B1'),
(21, 'A10001', 'Selasa', '10.15', '13.40', '198111032008011038', 'MP1030', 'R-B1'),
(22, 'A10001', 'Selasa', '13.40', '15.00', '198111032008011088', 'MP1015', 'E9'),
(23, 'A10001', 'Rabu', '07.00', '09.15', '198111032008011023', 'MP1008', 'R-B1'),
(24, 'A10001', 'Rabu', '09.15', '10.55', '198111032008011071', 'MP1005', 'R-B1'),
(25, 'A10001', 'Rabu', '10.55', '13.40', '198111032008011044', 'MP1006', 'Lap-1, R-B1'),
(26, 'A10001', 'Rabu', '14.20', '15.00', '198111032008011028', 'MP1010', 'R-B1'),
(27, 'A10001', 'Rabu', '15.00', '16.00', '198111032008011032', 'MP1009', 'R-B1'),
(28, 'A10001', 'Kamis', '07.00', '11.30', '198111032008011089', 'MP1024', 'R-B1'),
(29, 'A10001', 'Kamis', '11.30', '13.40', '198111032008011066', 'MP1011', 'R-B1'),
(30, 'A10001', 'Kamis', '13.40', '16.00', '198111032008011010', 'MP1004', 'R-B1'),
(31, 'A10001', 'Jumat', '07.00', '10.15', '198111032008011043', 'MP1002', 'R-B1'),
(32, 'A10001', 'Jumat', '10.15', '14.20', '198111032008011090', 'MP1001', 'R-B1'),
(33, 'A10002', 'Senin', '08.30', '11.30', '198111032008011010', 'MP1004', 'R-B2'),
(34, 'A10002', 'Senin', '11.30', '13.40', '198111032008011066', 'MP1011', 'R-B2'),
(35, 'A10002', 'Senin', '13.40', '16.00', '198111032008011043', 'MP1002', 'R-B2'),
(36, 'A10002', 'Selasa', '07.00', '09.15', '198111032008011044', 'MP1006', 'Lap-1, R-B2'),
(37, 'A10002', 'Selasa', '09.15', '11.30', '198111032008011023', 'MP1008', 'R-B2'),
(38, 'A10002', 'Selasa', '11.30', '16.00', '198111032008011089', 'MP1024', 'R-B2'),
(39, 'A10002', 'Rabu', '07.00', '10.15', '198111032008011085', 'MP1030', 'R-B2'),
(40, 'A10002', 'Rabu', '10.15', '13.40', '198111032008011033', 'MP1026', 'R-B2'),
(41, 'A10002', 'Rabu', '13.40', '15.00', '198111032008011015', 'MP1015', 'R-B2'),
(42, 'A10002', 'Kamis', '07.00', '10.15', '198111032008011038', 'MP1030', 'R-B2'),
(43, 'A10002', 'Kamis', '10.15', '13.40', '198111032008011085', 'MP1030', 'R-B2'),
(44, 'A10002', 'Jumat', '07.00', '10.55', '198111032008011090', 'MP1001', 'E10'),
(45, 'A10002', 'Jumat', '10.55', '13.40', '198111032008011071', 'MP1005', 'E10'),
(46, 'A10002', 'Jumat', '13.40', '15.00', '198111032008011028', 'MP1010', 'E10'),
(47, 'A10002', 'Jumat', '15.00', '16.00', '198111032008011032', 'MP1009', 'E10'),
(48, 'D10001', 'Senin', '11.30', '13.40', '198111032008011036', 'MP1005', 'E5'),
(49, 'D10001', 'Senin', '13.40', '15.00', '198111032008011031', 'MP1015', 'E5'),
(50, 'D10001', 'Selasa', '07.00', '10.15', '198111032008011029', 'MP1023', 'DKV L-A'),
(51, 'D10001', 'Selasa', '09.15', '15.00', '198111032008011068', 'MP1045', 'DKV L-A'),
(52, 'D10001', 'Rabu', '07.00', '10.15', '198111032008011101', 'MP1004', 'E5'),
(53, 'D10001', 'Rabu', '10.15', '11.30', '198111032008011028', 'MP1010', 'E5'),
(54, 'D10001', 'Rabu', '11.30', '15.00', '198111032008011046', 'MP1001', 'E5'),
(55, 'D10001', 'Kamis', '07.00', '09.15', '198111032008011023', 'MP1008', 'E5'),
(56, 'D10001', 'Kamis', '09.15', '11.30', '198111032008011081', 'MP1006', 'Lap-1, E5'),
(57, 'D10001', 'Kamis', '11.30', '16.00', '198111032008011094', 'MP1024', 'E5'),
(58, 'D10001', 'Jumat', '07.00', '13.40', '198111032008011068', 'MP1045', 'DKV L-C'),
(59, 'D10001', 'Jumat', '13.40', '15.00', '198111032008011032', 'MP1009', 'E5'),
(60, 'D10001', 'Jumat', '15.00', '16.00', '198111032008011066', 'MP1011', 'E5'),
(61, 'P10001', 'Senin', '08.30', '11.30', '198111032008011072', 'MP1032', 'RPL-2'),
(62, 'P10001', 'Senin', '11.30', '16.00', '198111032008011005', 'MP1032', 'RPL-2'),
(63, 'P10001', 'Selasa', '07.00', '10.55', '198111032008011040', 'MP1032', 'RPL-2'),
(64, 'P10001', 'Selasa', '10.55', '15.00', '198111032008011059', 'MP1032', 'RPL-2'),
(65, 'P10001', 'Selasa', '15.00', '16.00', '198111032008011031', 'MP1015', 'RPL-2'),
(66, 'P10001', 'Rabu', '07.00', '09.15', '198111032008011044', 'MP1006', 'Lap-1'),
(67, 'P10001', 'Rabu', '09.15', '11.30', '198111032008011058', 'MP1002', 'E3'),
(68, 'P10001', 'Rabu', '13.00', '15.30', '198111032008011054', 'MP1004', 'E3'),
(69, 'P10001', 'Kamis', '07.00', '10.15', '198111032008011090', 'MP1001', 'E3'),
(70, 'P10001', 'Kamis', '10.15', '11.30', '198111032008011023', 'MP1008', 'E3'),
(71, 'P10001', 'Kamis', '13.00', '14.20', '198111032008011036', 'MP1005', 'E3'),
(72, 'P10001', 'Kamis', '15.30', '16.00', '198111032008011066', 'MP1011', 'E3'),
(73, 'P10001', 'Jumat', '07.00', '08.30', '198111032008011028', 'MP1010', 'E3'),
(74, 'P10001', 'Jumat', '09.15', '10.55', '198111032008011084', 'MP1009', 'E3'),
(75, 'P10001', 'Jumat', '10.55', '15.30', '198111032008011094', 'MP1024', 'E3');

-- --------------------------------------------------------

--
-- Struktur dari tabel `tb_kegiatan_lain`
--

CREATE TABLE `tb_kegiatan_lain` (
  `id_kelain` int(11) NOT NULL,
  `id_kelas` varchar(6) NOT NULL,
  `jam_mulai` varchar(30) NOT NULL,
  `jam_selesai` varchar(30) NOT NULL,
  `tgl` timestamp NOT NULL DEFAULT current_timestamp() ON UPDATE current_timestamp(),
  `judul_kegiatan` varchar(255) NOT NULL,
  `isi_kegiatan` varchar(255) NOT NULL,
  `catatan_kejadian` varchar(255) NOT NULL
) ENGINE=InnoDB DEFAULT CHARSET=utf8mb4;

--
-- Dumping data untuk tabel `tb_kegiatan_lain`
--

INSERT INTO `tb_kegiatan_lain` (`id_kelain`, `id_kelas`, `jam_mulai`, `jam_selesai`, `tgl`, `judul_kegiatan`, `isi_kegiatan`, `catatan_kejadian`) VALUES
(2, 'P10001', '07.00', '11.30', '2024-02-20 08:10:37', 'Pesantren Kilat', 'Mengaji', 'Radit kabur');

-- --------------------------------------------------------

--
-- Struktur dari tabel `tb_kelas`
--

CREATE TABLE `tb_kelas` (
  `id_kelas` varchar(6) NOT NULL,
  `nama_kelas` varchar(50) NOT NULL
) ENGINE=InnoDB DEFAULT CHARSET=utf8mb4;

--
-- Dumping data untuk tabel `tb_kelas`
--

INSERT INTO `tb_kelas` (`id_kelas`, `nama_kelas`) VALUES
('A10001', 'X ANIMASI A'),
('A10002', 'X ANIMASI B'),
('A20001', 'XI ANIMASI A'),
('A20002', 'XI ANIMASI B'),
('D10001', 'X DKV A'),
('D10002', 'X DKV B'),
('D10003', 'X DKV C'),
('D20001', 'XI DKV A'),
('D20002', 'XI DKV B'),
('D20003', 'XI DKV C'),
('E10001', 'X ELEKTRONIKA A'),
('E10002', 'X ELEKTRONIKA B'),
('E10003', 'X ELEKTRONIKA C'),
('E10004', 'X ELEKTRONIKA D'),
('E20001', 'XI ELEKTRONIKA A'),
('E20002', 'XI ELEKTRONIKA B'),
('E20003', 'XI ELEKTRONIKA C'),
('E20004', 'XI ELEKTRONIKA D'),
('K10001', 'X KIMIA A'),
('K10002', 'X KIMIA B'),
('K10003', 'X KIMIA C'),
('K20001', 'XI KIMIA A'),
('K20002', 'XI KIMIA B'),
('K20003', 'XI KIMIA C'),
('P10001', 'X PPLG A'),
('P10002', 'X PPLG B'),
('P20001', 'XI PPLG A'),
('P20002', 'XI PPLG B'),
('T10001', 'X PEMESINAN A'),
('T10002', 'X PEMESINAN B'),
('T20001', 'XI PEMESINAN A'),
('T20002', 'XI PEMESINAN B');

-- --------------------------------------------------------

--
-- Struktur dari tabel `tb_mapel`
--

CREATE TABLE `tb_mapel` (
  `id_mapel` varchar(6) NOT NULL,
  `nama_mapel` varchar(70) NOT NULL
) ENGINE=InnoDB DEFAULT CHARSET=utf8mb4;

--
-- Dumping data untuk tabel `tb_mapel`
--

INSERT INTO `tb_mapel` (`id_mapel`, `nama_mapel`) VALUES
('MP1001', 'Matematika'),
('MP1002', 'Bahasa Indonesia'),
('MP1003', 'Ilmu Pengetahuan Alam Sosial'),
('MP1004', 'Bahasa Inggris'),
('MP1005', 'Sejarah'),
('MP1006', 'Pendidikan Jasmani, Olahraga, dam Kesehatan'),
('MP1007', 'Pendidikan Lingkungan Hidup'),
('MP1008', 'Pendidikan Agama Islam dan Budi Pekerti'),
('MP1009', 'Pendidikan Pancasila'),
('MP1010', 'Seni Budaya dan Keterampilan'),
('MP1011', 'Bahasa Sunda'),
('MP1012', 'Konsentrasi Keahlian Desain Grafis '),
('MP1013', 'KK2 T- Permesinan-BUBUT'),
('MP1014', 'PKK2 T-Permesinan'),
('MP1015', 'BP/BK'),
('MP1016', 'KK1 T- Permesinan-CNC'),
('MP1017', 'PKK2 DKV'),
('MP1018', 'Dasar-Dasar Kejuruan'),
('MP1019', 'PKK3 Robotik'),
('MP1020', 'Perawatan dan perbaikan peralatan Mekatronik'),
('MP1021', 'Teknik Kontrol Sistem Mekatronik'),
('MP1022', 'KK Animasi-12'),
('MP1023', 'Informartika DKV'),
('MP1024', 'IPAS'),
('MP1025', 'Dasar Kelistrikan'),
('MP1026', 'Informartika Animasi'),
('MP1027', 'Konsentrasi Keahlian Desain Grafis Percetakan '),
('MP1028', 'KKMK1-Sistem Robotik'),
('MP1029', 'Informartika Elektronika'),
('MP1030', 'Dasar dasar Animasi'),
('MP1031', 'Pilihan-A Indusrtrial IOT'),
('MP1032', 'Dasar-Dasar PPL&GIM'),
('MP1033', 'Bahasa Jepang'),
('MP1034', 'Konsentrasi Keahlian RPL -2 '),
('MP1035', 'Informartika Mesin'),
('MP1036', 'PIlihan-A Teknik Kimia Industri'),
('MP1037', 'XII-KIMIDUS 2-AIK'),
('MP1038', 'Teknik Kontrol Mekatronika-1'),
('MP1039', 'PKK1 DKV'),
('MP1040', 'PKK2 DKV'),
('MP1041', 'Konsentrasi Keahlian RPL -1'),
('MP1042', 'Konsentrasi Keahlian RPL -3'),
('MP1043', 'Konsentrasi Keahlian Pengolahan Audio'),
('MP1044', 'Pilihan-B Teknik Kimia Industri'),
('MP1045', 'Dasar-Dasar DKV'),
('MP1046', 'XI-KIMIDUS 2-AIK'),
('MP1047', 'KI Dasar Dasar Kejuruan'),
('MP1048', 'PKK1 Mekatronika'),
('MP1049', 'PKK2 Mekatronika'),
('MP1050', 'PKK3 Mekatronika'),
('MP1051', 'KK2 T Permesinan-GTM'),
('MP1052', 'SIstem Mekatronik Berbasis CAE'),
('MP1053', 'KI-Dasar-Dasar Kejuran'),
('MP1054', 'Konsentrasi keahlian -1'),
('MP1055', 'KK1 T Permesinan FRAIS'),
('MP1056', 'KKMK1-CAE'),
('MP1057', 'Informatika PPL & GIM');

-- --------------------------------------------------------

--
-- Struktur dari tabel `tb_role`
--

CREATE TABLE `tb_role` (
  `id_role` int(11) NOT NULL,
  `nama_role` varchar(50) NOT NULL
) ENGINE=InnoDB DEFAULT CHARSET=utf8mb4;

--
-- Dumping data untuk tabel `tb_role`
--

INSERT INTO `tb_role` (`id_role`, `nama_role`) VALUES
(1, 'Admin'),
(2, 'Guru'),
(3, 'Kelas'),
(4, 'Kepala Sekolah');

-- --------------------------------------------------------

--
-- Struktur dari tabel `tb_user`
--

CREATE TABLE `tb_user` (
  `id_user` varchar(18) NOT NULL,
  `username` varchar(30) NOT NULL,
  `password` varchar(255) NOT NULL,
  `role` int(11) NOT NULL
) ENGINE=InnoDB DEFAULT CHARSET=utf8mb4;

--
-- Dumping data untuk tabel `tb_user`
--

INSERT INTO `tb_user` (`id_user`, `username`, `password`, `role`) VALUES
('1', 'kepsek2cmi', '$2y$10$la03zJ7ned6yDf9q6radFu7F8vaYcXaDMgNEop4MO0CxeY8f1BzDW', 4),
('198111032008011005', '198111032008011005', '$2y$10$G2GnZWqojnfrscm/lVDQ5.9dog7nolD7FpMK.h06bvmlhzjzmL/AW', 2),
('198111032008011006', '198111032008011006', '$2y$10$xjCJNZnu03DD1Id8.j3Gw.zyZFcv.fI2fJlGgx0PVfmo5ldC3AD1e', 2),
('198111032008011007', '198111032008011007', '$2y$10$73juMyw0o9dnU7g5Ks5Bl.ag1APRMR23T1BxkdFT0ZQMhxBc1z7QK', 2),
('2', 'admin', '$2y$10$9Olg2QJvYZbIk3RJ4gMcuuX.W2WxpUywFKjPT4xpjJvHThObmMclm', 1),
('A10001', 'xanimasia', '$2y$10$HxXBSIkT.2hLP69zGpYnnuwfHh08npB6YRssSVFy56CC0osZOtSri', 3),
('A10002', 'xanimasib', '$2y$10$wCbEbTjx2WxibkkbG2mSbeBCFNb8VbyB6g.Q3gEz9AF1O8IE2H03e', 3),
('A20001', 'xianimasia', '$2y$10$ylQGNVM6Zdh2/umXnrQIZen08Y4DW0axUCdmk7lFu9Yv3eStBSg5u', 3),
('A20002', 'xianimasib', '$2y$10$WxCAhLTQmH.bzPkcAfDQ.uZS3cFL3H2qlZ49oZWwPzW2mrl4qkqQm', 3),
('D10001', 'xdkva', '$2y$10$EPe74oitZSqGkLcdv06lfeU0swg0QHa5g3lOTgbYE1l2rKTx/8Mpq', 3),
('D10002', 'xdkvb', '$2y$10$tMPNqbikiC9JEULGJKJKZuAWD69LKduVWaD52mZvTXbmII9Jz8ecy', 3),
('D10003', 'xdkvc', '$2y$10$fGD5wAHdMK9cyWVqbQrSfeCeVNRHxOH7TKD51GXnV4wBlFKups1Na', 3),
('D20001', 'xidkva', '$2y$10$EKb.yY1tSC83UNVHomtXI.AqJTLjIJllHi27Kn.uIOf.eOgIrFYLy', 3),
('D20002', 'xidkvb', '$2y$10$fv5PXJUJTXjcnkf/so.ccesKnZ9WIqAIC5.39bLiWPQm5dvWozY.e', 3),
('D20003', 'xidkvc', '$2y$10$v/6nCH24Zz.WuWwWTenwO.1oyRXv4Ik1T.L/yum0DDceWeE12D.Aq', 3),
('E10001', 'xelektronikaa', '$2y$10$m/TUydi7jA1.EJAts1.b6OMYZYU6laXec2FfsZbQwmQM0I9NQDIii', 3),
('E10002', 'xelektronikab', '$2y$10$VXWkrjNCAFy2oYkpD5wL6eLBpSRpY6Myv7H6cGCxZt1Ek.yg72cSO', 3),
('E10003', 'xelektronikac', '$2y$10$KPbhOzlvA6fMQhVYgmDnyuGbLohACrSSMUxLwnRXKfkAdelJ83x76', 3),
('E10004', 'xelektronikad', '$2y$10$Ubmnf38KFtM6KbtMk9mur.U.x6UumrjivWRGhjwRB8RMkzkN/5GXS', 3),
('E20001', 'xielektronikaa', '$2y$10$Zekn8uORjhcNoHznn2qxyuMB.kcyWElVqE3XwDbQcNTXlcabaLij6', 3),
('E20002', 'xielektronikab', '$2y$10$hv63Y4GlYQ4y3zhKHuVqiefQrB2Xn1b9KpCMgcbhUNRYdd2P2.Ceu', 3),
('E20003', 'xielektronikac', '$2y$10$jm4UMEqWXXWvgosk2IJWYOwtaY/FCVkDON7z3ifxRgbJOy8DPN4vG', 3),
('E20004', 'xielektronikad', '$2y$10$jbk8fh/3O0xZIJVnJhC41OF5UMGiAPvt.NIvFmf5slFH0GhhpKoJa', 3),
('K10001', 'xkimiaa', '$2y$10$vb0jnDGaFHqjiPYph2vhxujaCHsYX9li5Xhahlmp/SJnvNUN695DK', 3),
('K10002', 'xkimiab', '$2y$10$1QFf6MxEkV0LLICmt8jfBeLh5YyZ2M5HplDLw61gCIMwyMSrS17..', 3),
('K10003', 'xkimiac', '$2y$10$qFzOYCdUedJCEKNu0mvj0.Wn7.YLrJqOijAbtZoiVnYNW6dKAGGfe', 3),
('K20001', 'xikimiaa', '$2y$10$MXHy2LahbtaB9xF3cACboOzzYgFd8SCOcZH4BCfc8o1P..Fm0s7Q2', 3),
('K20002', 'xikimiab', '$2y$10$A7wCQqHOFdhTxHIozjMLPeC8MZaI24FtAJPgduPaQLLpW71xOs81.', 3),
('K20003', 'xikimiac', '$2y$10$2OiK4RFF31NzVrk9DS3DfeLg8FiMgpVCISIF7OjCdDwYV.5S2d5x2', 3),
('P10001', 'xpplga', '$2y$10$K5fw4JlDvB3C/UKHfwS9OuBXGq0WmUrdogS.VttYqB68g2ZKheh6q', 3),
('P10002', 'xpplgb', '$2y$10$klK1cO4dJ/bdQvz5SHgpQOGraz1MmEtJ8mCZMrbffj9HYHiPrKz1i', 3),
('P20001', 'xipplga', '$2y$10$UcV6EamW0yDQHapKaAbLh.AMh3MDIXTmPaHycknC0kzA2nZVYZd7S', 3),
('P20002', 'xipplgb', '$2y$10$yzVAc0L.r4BuYIStjVAD8u8RL1c4rXUeNzt9c9aHiOf5cOtwpt61G', 3),
('T10001', 'xpemesinana', '$2y$10$Ddlnw4zE5zNNWJxGtnhlouJluinL0LR9KWoKoMtWO21lgXEd8I0ku', 3),
('T10002', 'xpemesinanb', '$2y$10$JL9e9sgeDbsj9u6hwHFr..E866dwm.7qcja7IJ/pwM0V2YIEB/GHu', 3),
('T20001', 'xipemesinana', '$2y$10$jgQVWNrNgov8WTz1erWxGOMgMVW8z8krGUdbuj2JFYmWVaonb98pC', 3);

--
-- Indexes for dumped tables
--

--
-- Indeks untuk tabel `det_agenda`
--
ALTER TABLE `det_agenda`
  ADD PRIMARY KEY (`id`),
  ADD KEY `id_agenda` (`id_agenda`,`nis`),
  ADD KEY `nis` (`nis`);

--
-- Indeks untuk tabel `siswa`
--
ALTER TABLE `siswa`
  ADD PRIMARY KEY (`nis`);

--
-- Indeks untuk tabel `tb_absen`
--
ALTER TABLE `tb_absen`
  ADD PRIMARY KEY (`id_absen`),
  ADD KEY `nis` (`nis`);

--
-- Indeks untuk tabel `tb_agenda`
--
ALTER TABLE `tb_agenda`
  ADD PRIMARY KEY (`id_agenda`),
  ADD KEY `nip` (`nip`,`id_kelas`,`id_mapel`),
  ADD KEY `id_kelas` (`id_kelas`),
  ADD KEY `id_mapel` (`id_mapel`);

--
-- Indeks untuk tabel `tb_agenda_guru`
--
ALTER TABLE `tb_agenda_guru`
  ADD PRIMARY KEY (`id_agenda_guru`);

--
-- Indeks untuk tabel `tb_guru`
--
ALTER TABLE `tb_guru`
  ADD PRIMARY KEY (`nip`);

--
-- Indeks untuk tabel `tb_jadwal`
--
ALTER TABLE `tb_jadwal`
  ADD PRIMARY KEY (`id_jadwal`);

--
-- Indeks untuk tabel `tb_kegiatan_lain`
--
ALTER TABLE `tb_kegiatan_lain`
  ADD PRIMARY KEY (`id_kelain`);

--
-- Indeks untuk tabel `tb_kelas`
--
ALTER TABLE `tb_kelas`
  ADD PRIMARY KEY (`id_kelas`);

--
-- Indeks untuk tabel `tb_mapel`
--
ALTER TABLE `tb_mapel`
  ADD PRIMARY KEY (`id_mapel`);

--
-- Indeks untuk tabel `tb_role`
--
ALTER TABLE `tb_role`
  ADD PRIMARY KEY (`id_role`);

--
-- Indeks untuk tabel `tb_user`
--
ALTER TABLE `tb_user`
  ADD PRIMARY KEY (`id_user`);

--
-- AUTO_INCREMENT untuk tabel yang dibuang
--

--
-- AUTO_INCREMENT untuk tabel `det_agenda`
--
ALTER TABLE `det_agenda`
  MODIFY `id` int(11) NOT NULL AUTO_INCREMENT;

--
-- AUTO_INCREMENT untuk tabel `tb_absen`
--
ALTER TABLE `tb_absen`
  MODIFY `id_absen` int(11) NOT NULL AUTO_INCREMENT, AUTO_INCREMENT=226;

--
-- AUTO_INCREMENT untuk tabel `tb_agenda`
--
ALTER TABLE `tb_agenda`
  MODIFY `id_agenda` int(11) NOT NULL AUTO_INCREMENT, AUTO_INCREMENT=14;

--
-- AUTO_INCREMENT untuk tabel `tb_agenda_guru`
--
ALTER TABLE `tb_agenda_guru`
  MODIFY `id_agenda_guru` int(11) NOT NULL AUTO_INCREMENT, AUTO_INCREMENT=12;

--
-- AUTO_INCREMENT untuk tabel `tb_jadwal`
--
ALTER TABLE `tb_jadwal`
  MODIFY `id_jadwal` int(11) NOT NULL AUTO_INCREMENT, AUTO_INCREMENT=79;

--
-- AUTO_INCREMENT untuk tabel `tb_kegiatan_lain`
--
ALTER TABLE `tb_kegiatan_lain`
  MODIFY `id_kelain` int(11) NOT NULL AUTO_INCREMENT, AUTO_INCREMENT=3;

--
-- AUTO_INCREMENT untuk tabel `tb_role`
--
ALTER TABLE `tb_role`
  MODIFY `id_role` int(11) NOT NULL AUTO_INCREMENT, AUTO_INCREMENT=5;
COMMIT;

/*!40101 SET CHARACTER_SET_CLIENT=@OLD_CHARACTER_SET_CLIENT */;
/*!40101 SET CHARACTER_SET_RESULTS=@OLD_CHARACTER_SET_RESULTS */;
/*!40101 SET COLLATION_CONNECTION=@OLD_COLLATION_CONNECTION */;
